scenario_id,scenario_name,oil_factor,voll,carbon_tax,termination_status,primal_status,objective_value,investment_cost,operating_cost,oil_cost_total,gas_cost_total,carbon_cost_component,voll_cost_component,curtailment_penalty_component,reserve_shortfall_penalty_component,total_demand,total_nse_mwh,nse_pct,nse_hours,peak_nse,total_curt_pv,total_curt_wind,total_curt,curt_pct_of_potential,total_reserve_shortfall,reserve_shortfall_hours,max_reserve_shortfall,min_reserve_headroom,min_must_run_slack,cap_exist_pv,cap_exist_wind,cap_exist_oil_base,cap_exist_oil,cap_exist_gas,cap_pv,cap_wind,cap_oil,cap_gas,dcap_pv,dcap_wind,dcap_gas,Pbat_2,Ebat_2,Pbat_4,Ebat_4,Pbat_8,Ebat_8,Pbat_total,Ebat_total,total_generation_pv,total_generation_wind,total_generation_oil,total_generation_gas,total_battery_charge,total_battery_discharge,sync_min_frac,reserve_frac,ramp_oil_mw_per_h,ramp_gas_mw_per_h,curt_penalty,reserve_slack_penalty
1,base_oil0.00_voll2000_co20,0.0,2000.0,0.0,OPTIMAL,FEASIBLE_POINT,3.37801485444184e8,2.0213420360544103e8,1.356672818387601e8,0.0,1.3321774359210671e8,0.0,697483.2940967625,1.752054952556362e6,0.0,7.571096844236515e6,348.7416470483813,0.004606223566059127,5,122.06126355085425,260728.78226447574,89682.20824679689,350410.9905112726,6.787655575054638,0.0,0,0.0,0.0,0.0,659.52,157.5,1482.5,0.0,0.0,2222.3802104200213,682.0552338970816,0.0,685.8271782260612,1562.8602104200213,524.5552338970816,685.8271782260612,-0.0,-0.0,320.58094479740504,1282.3237791896202,397.40684262677405,3179.2547410141924,717.987787424179,4461.578520203812,3.266166387869984e6,1.5458971555221474e6,0.0,2.8469624354032893e6,1.7870015426320017e6,1.698723666426014e6,0.2,0.1,300.0,300.0,5.0,1.0e6
2,base_oil0.00_voll2000_co210,0.0,2000.0,10.0,OPTIMAL,FEASIBLE_POINT,3.4816700365052426e8,2.128990275655312e8,1.3526797608502093e8,0.0,1.2316284652808894e8,1.0029721491508914e7,7410.285505463477,2.0679977799135314e6,0.0,7.571096844236515e6,3.7051427527317387,4.893799179906505e-5,1,3.7051427527317387,319318.99397261854,94280.56201008729,413599.55598270585,7.571847972320292,0.0,0,0.0,0.0,0.0,659.52,157.5,1482.5,0.0,0.0,2421.0318012590214,675.6334461922421,0.0,649.0862085468575,1761.5118012590217,518.1334461922421,649.0862085468575,-0.0,-0.0,311.712503984959,1246.850015939836,487.6193333494603,3900.9546667956824,799.3318373344193,5147.804682735518,3.522834264307447e6,1.525899252094044e6,0.0,2.6320817936718566e6,2.2210965785353724e6,2.11137440755574e6,0.2,0.1,300.0,300.0,5.0,1.0e6
3,base_oil0.00_voll2000_co220,0.0,2000.0,20.0,OPTIMAL,FEASIBLE_POINT,3.578835835692732e8,2.205310883495502e8,1.3735249521969625e8,0.0,1.1604319040387905e8,1.8899869782915708e7,71872.8622306678,2.3375621706712684e6,0.0,7.571096844236515e6,35.9364311153339,0.00047465290505021673,1,35.9364311153339,368784.6054351778,98727.82869907584,467512.43413425365,8.223468785675179,0.0,0,0.0,11.84415035193851,0.0,659.52,157.5,1482.5,0.0,0.0,2563.180073450772,674.4571259189158,0.0,614.9854415849502,1903.660073450772,516.9571259189158,614.9854415849502,-0.0,-0.0,270.5165273238458,1082.0661092953833,578.523009770544,4628.184078164352,849.0395370943899,5710.250187459736,3.698956539330475e6,1.5186311505685048e6,0.0,2.4799294377463385e6,2.559842506882812e6,2.4333862870427994e6,0.2,0.1,300.0,300.0,5.0,1.0e6
4,base_oil0.00_voll2000_co230,0.0,2000.0,30.0,OPTIMAL,FEASIBLE_POINT,3.67191172720261e8,2.2470167929848543e8,1.4248949342174897e8,0.0,1.1246449854284103e8,2.7475516274536025e7,0.0,2.549478604367706e6,0.0,7.571096844236515e6,0.0,0.0,0,0.0,401868.05657153495,108027.66430200681,509895.7208735418,8.767590308838317,0.0,0,0.0,18.766539466435148,0.0,659.52,157.5,1482.5,0.0,0.0,2614.2497737782246,695.1163037806878,0.0,602.4794705062139,1954.7297737782246,537.6163037806878,602.4794705062139,-0.0,-0.0,262.46485953008624,1049.859438120345,604.9907380423097,4839.925904338477,867.4555975723958,5889.785342458822,3.7469201919167694e6,1.558872354024947e6,0.0,2.4034501263459474e6,2.7964742520465753e6,2.6583284239954175e6,0.2,0.1,300.0,300.0,5.0,1.0e6
5,base_oil0.00_voll2000_co240,0.0,2000.0,40.0,OPTIMAL,FEASIBLE_POINT,3.76147902980014e8,2.298925849099106e8,1.462553180701258e8,0.0,1.0829580680049278e8,3.527611813224614e7,0.0,2.6833931373857716e6,0.0,7.571096844236515e6,0.0,0.0,0,0.0,433809.3247950607,102869.30268209269,536678.6274771533,9.019589504533643,0.0,0,0.0,56.89193020912356,0.0,659.52,157.5,1482.5,0.0,0.0,2735.339859691761,671.0496105306354,0.0,576.9463058323696,2075.819859691761,513.5496105306354,576.9463058323696,-0.0,-0.0,281.5689683931461,1126.2758735725845,650.7244525650351,5205.795620520281,932.2934209581813,6332.071494092866,3.9071476791371643e6,1.506318400164139e6,0.0,2.31436207789793e6,3.172698642971e6,3.0159673300082055e6,0.2,0.1,300.0,300.0,5.0,1.0e6
6,base_oil0.00_voll2000_co250,0.0,2000.0,50.0,OPTIMAL,FEASIBLE_POINT,3.847811347524265e8,2.3822734990367264e8,1.4655378484876537e8,0.0,1.0200667316292623e8,4.153438114416076e7,0.0,3.0127305416794172e6,0.0,7.571096844236515e6,0.0,0.0,0,0.0,496865.0896546321,105681.01868125009,602546.1083358822,9.751198295899448,0.0,0,0.0,104.87434158533196,0.0,659.52,157.5,1482.5,0.0,0.0,2887.2660957372427,666.0248418764518,0.0,541.628807785497,2227.7460957372427,508.52484187645183,541.628807785497,-0.0,-0.0,303.19986717268307,1212.7994686907323,712.6396768726341,5701.117414981073,1015.8395440453172,6913.916883671805,4.0851973316194164e6,1.491457208535953e6,0.0,2.179958606298742e6,3.7553907331510056e6,3.5698744309333563e6,0.2,0.1,300.0,300.0,5.0,1.0e6
7,base_oil0.00_voll6500_co20,0.0,6500.0,0.0,OPTIMAL,FEASIBLE_POINT,3.3788731905173117e8,2.0608361887147534e8,1.318037001802534e8,0.0,1.3005559892507273e8,0.0,0.0,1.7481012551807887e6,0.0,7.571096844236515e6,0.0,0.0,0,0.0,262506.3702252729,87113.88081088361,349620.2510361565,6.673732224926157,0.0,0,0.0,0.0,0.0,659.52,157.5,1482.5,0.0,0.0,2279.5852267672853,676.0057484445083,0.0,678.3201033291169,1620.0652267672854,518.5057484445083,678.3201033291169,-0.0,-0.0,366.7425424022932,1466.970169609173,407.04230009223767,3256.3384007379013,773.784842494531,4723.308570347074,3.355172588802143e6,1.5339587200510171e6,0.0,2.779385047890166e6,1.9720549090450427e6,1.8746353965381687e6,0.2,0.1,300.0,300.0,5.0,1.0e6
8,base_oil0.00_voll6500_co210,0.0,6500.0,10.0,OPTIMAL,FEASIBLE_POINT,3.481712395568931e8,2.1327936447629276e8,1.3489187508059716e8,0.0,1.2282075042394847e8,1.000186302002467e7,0.0,2.0692616366235833e6,0.0,7.571096844236515e6,0.0,0.0,0,0.0,319708.1150158549,94144.21230886214,413852.327324717,7.564479794151131,0.0,0,0.0,0.0,0.0,659.52,157.5,1482.5,0.0,0.0,2426.5207069642147,675.6131380738034,0.0,647.5053777335165,1767.0007069642147,518.1131380738034,647.5053777335165,-0.0,-0.0,314.78946402494375,1259.157856099775,489.8293419733523,3918.6347357868185,804.618805998296,5177.792591886593,3.531155981729278e6,1.5259869026023268e6,0.0,2.6247709450451983e6,2.243258808506739e6,2.132441823366512e6,0.2,0.1,300.0,300.0,5.0,1.0e6
9,base_oil0.00_voll6500_co220,0.0,6500.0,20.0,OPTIMAL,FEASIBLE_POINT,3.5788495434952766e8,2.206737862894025e8,1.3721116806013858e8,0.0,1.1596658025635314e8,1.8887392344064392e7,0.0,2.3571954597213175e6,0.0,7.571096844236515e6,0.0,0.0,0,0.0,372529.7788875247,98909.3130567383,471439.09194426297,8.283977520957059,0.0,0,0.0,13.215737691586895,0.0,659.52,157.5,1482.5,0.0,0.0,2568.6440199572808,673.2910262394104,0.0,615.68903862458,1909.1240199572806,515.7910262394104,615.68903862458,-0.0,-0.0,275.08389068921883,1100.3355627568753,574.6807755894853,4597.446204715882,849.7646662787041,5697.781767472758,3.7038825943444623e6,1.5156533405217875e6,0.0,2.478292221814661e6,2.565411183086912e6,2.4386798706424246e6,0.2,0.1,300.0,300.0,5.0,1.0e6
10,base_oil0.00_voll6500_co230,0.0,6500.0,30.0,OPTIMAL,FEASIBLE_POINT,3.6719117272026104e8,2.2470167929848546e8,1.4248949342174903e8,0.0,1.1246449854284102e8,2.7475516274536025e7,0.0,2.549478604367708e6,0.0,7.571096844236515e6,0.0,0.0,0,0.0,402176.5380448407,107719.18282870119,509895.7208735419,8.76759030883832,0.0,0,0.0,18.766539466434267,0.0,659.52,157.5,1482.5,0.0,0.0,2614.2497737782237,695.1163037806884,0.0,602.4794705062138,1954.7297737782237,537.6163037806884,602.4794705062138,-0.0,-0.0,262.4648595300843,1049.8594381203372,604.9907380423108,4839.925904338486,867.4555975723952,5889.785342458824,3.746611710443463e6,1.5591808354982538e6,0.0,2.403450126345947e6,2.7964742520465744e6,2.6583284239954175e6,0.2,0.1,300.0,300.0,5.0,1.0e6
11,base_oil0.00_voll6500_co240,0.0,6500.0,40.0,OPTIMAL,FEASIBLE_POINT,3.76147902980014e8,2.2989258490991077e8,1.4625531807012558e8,0.0,1.0829580680049264e8,3.527611813224608e7,0.0,2.683393137385787e6,0.0,7.571096844236515e6,0.0,0.0,0,0.0,433809.32479506376,102869.30268209266,536678.6274771565,9.019589504533688,0.0,0,0.0,56.891930209126,0.0,659.52,157.5,1482.5,0.0,0.0,2735.3398596917673,671.0496105306338,0.0,576.9463058323696,2075.8198596917673,513.5496105306338,576.9463058323696,-0.0,-0.0,281.56896839315027,1126.275873572601,650.7244525650334,5205.795620520267,932.2934209581837,6332.071494092868,3.9071476791371736e6,1.5063184001641374e6,0.0,2.314362077897928e6,3.1726986429710076e6,3.0159673300082134e6,0.2,0.1,300.0,300.0,5.0,1.0e6
12,base_oil0.00_voll6500_co250,0.0,6500.0,50.0,OPTIMAL,FEASIBLE_POINT,3.847811347524265e8,2.3822734990367264e8,1.4655378484876537e8,0.0,1.0200667316292623e8,4.153438114416076e7,0.0,3.0127305416794172e6,0.0,7.571096844236515e6,0.0,0.0,0,0.0,496865.0896546322,105681.01868125003,602546.1083358822,9.751198295899448,0.0,0,0.0,104.87434158533208,0.0,659.52,157.5,1482.5,0.0,0.0,2887.266095737243,666.0248418764515,0.0,541.6288077854969,2227.746095737243,508.5248418764516,541.6288077854969,-0.0,-0.0,303.1998671726834,1212.7994686907336,712.6396768726341,5701.117414981073,1015.8395440453176,6913.916883671807,4.0851973316194173e6,1.4914572085359527e6,0.0,2.179958606298742e6,3.7553907331510056e6,3.5698744309333563e6,0.2,0.1,300.0,300.0,5.0,1.0e6
13,base_oil0.00_voll10000_co20,0.0,10000.0,0.0,OPTIMAL,FEASIBLE_POINT,3.3788731905173117e8,2.0608361887147534e8,1.3180370018025345e8,0.0,1.3005559892507276e8,0.0,0.0,1.7481012551807899e6,0.0,7.571096844236515e6,0.0,0.0,0,0.0,262506.37022527325,87113.88081088364,349620.2510361569,6.673732224926164,0.0,0,0.0,0.0,0.0,659.52,157.5,1482.5,0.0,0.0,2279.585226767286,676.0057484445082,0.0,678.3201033291167,1620.0652267672858,518.5057484445082,678.3201033291167,-0.0,-0.0,366.74254240229294,1466.9701696091718,407.0423000922379,3256.338400737903,773.7848424945308,4723.308570347075,3.3551725888021444e6,1.5339587200510171e6,0.0,2.779385047890166e6,1.9720549090450427e6,1.8746353965381694e6,0.2,0.1,300.0,300.0,5.0,1.0e6
14,base_oil0.00_voll10000_co210,0.0,10000.0,10.0,OPTIMAL,FEASIBLE_POINT,3.481712395568929e8,2.1327936447629252e8,1.3489187508059728e8,0.0,1.2282075042394862e8,1.000186302002468e7,0.0,2.0692616366235812e6,0.0,7.571096844236515e6,0.0,0.0,0,0.0,319708.11501585424,94144.21230886204,413852.32732471626,7.564479794151123,0.0,0,0.0,0.0,0.0,659.52,157.5,1482.5,0.0,0.0,2426.5207069642115,675.613138073803,0.0,647.5053777335179,1767.0007069642115,518.113138073803,647.5053777335179,-0.0,-0.0,314.78946402494574,1259.157856099783,489.82934197334845,3918.6347357867876,804.6188059982942,5177.79259188657,3.531155981729272e6,1.5259869026023257e6,0.0,2.6247709450452006e6,2.243258808506727e6,2.1324418233665014e6,0.2,0.1,300.0,300.0,5.0,1.0e6
15,base_oil0.00_voll10000_co220,0.0,10000.0,20.0,OPTIMAL,FEASIBLE_POINT,3.578849543495278e8,2.2067378628940257e8,1.372111680601386e8,0.0,1.1596658025635308e8,1.888739234406439e7,0.0,2.3571954597213226e6,0.0,7.571096844236515e6,0.0,0.0,0,0.0,372529.7788875264,98909.31305673813,471439.09194426454,8.283977520957084,0.0,0,0.0,13.215737691588316,0.0,659.52,157.5,1482.5,0.0,0.0,2568.6440199572835,673.2910262394091,0.0,615.6890386245803,1909.1240199572833,515.7910262394091,615.6890386245803,-0.0,-0.0,275.0838906892232,1100.3355627568928,574.6807755894821,4597.446204715857,849.7646662787054,5697.781767472749,3.7038825943444674e6,1.5156533405217845e6,0.0,2.478292221814661e6,2.5654111830869126e6,2.438679870642424e6,0.2,0.1,300.0,300.0,5.0,1.0e6
16,base_oil0.00_voll10000_co230,0.0,10000.0,30.0,OPTIMAL,FEASIBLE_POINT,3.6719117272026104e8,2.247016792984854e8,1.4248949342174906e8,0.0,1.1246449854284102e8,2.7475516274536017e7,0.0,2.549478604367709e6,0.0,7.571096844236515e6,0.0,0.0,0,0.0,402176.5380448406,107719.18282870125,509895.7208735419,8.76759030883832,0.0,0,0.0,18.766539466434494,0.0,659.52,157.5,1482.5,0.0,0.0,2614.2497737782232,695.1163037806887,0.0,602.4794705062139,1954.7297737782235,537.6163037806887,602.4794705062139,-0.0,-0.0,262.4648595300849,1049.8594381203395,604.9907380423103,4839.925904338483,867.4555975723952,5889.785342458822,3.746611710443463e6,1.5591808354982557e6,0.0,2.403450126345947e6,2.796474252046575e6,2.6583284239954175e6,0.2,0.1,300.0,300.0,5.0,1.0e6
17,base_oil0.00_voll10000_co240,0.0,10000.0,40.0,OPTIMAL,FEASIBLE_POINT,3.76147902980014e8,2.298925849099106e8,1.4625531807012576e8,0.0,1.0829580680049275e8,3.527611813224614e7,0.0,2.6833931373857753e6,0.0,7.571096844236515e6,0.0,0.0,0,0.0,433809.3247950613,102869.30268209276,536678.6274771541,9.019589504533656,0.0,0,0.0,56.89193020912339,0.0,659.52,157.5,1482.5,0.0,0.0,2735.3398596917614,671.0496105306354,0.0,576.9463058323696,2075.8198596917614,513.5496105306354,576.9463058323696,-0.0,-0.0,281.56896839314584,1126.2758735725834,650.7244525650352,5205.795620520282,932.2934209581811,6332.071494092865,3.907147679137164e6,1.506318400164139e6,0.0,2.3143620778979296e6,3.172698642971001e6,3.0159673300082055e6,0.2,0.1,300.0,300.0,5.0,1.0e6
18,base_oil0.00_voll10000_co250,0.0,10000.0,50.0,OPTIMAL,FEASIBLE_POINT,3.8478113475242656e8,2.3822734990367267e8,1.465537848487654e8,0.0,1.020066731629262e8,4.153438114416075e7,0.0,3.012730541679423e6,0.0,7.571096844236515e6,0.0,0.0,0,0.0,496865.0896546332,105681.01868124984,602546.108335883,9.751198295899464,0.0,0,0.0,104.87434158533355,0.0,659.52,157.5,1482.5,0.0,0.0,2887.266095737245,666.0248418764508,0.0,541.6288077854973,2227.746095737245,508.52484187645075,541.6288077854973,-0.0,-0.0,303.1998671726873,1212.799468690749,712.6396768726313,5701.11741498105,1015.8395440453186,6913.9168836718,4.085197331619419e6,1.491457208535951e6,0.0,2.1799586062987414e6,3.7553907331510065e6,3.5698744309333563e6,0.2,0.1,300.0,300.0,5.0,1.0e6
19,base_oil0.05_voll2000_co20,0.05,2000.0,0.0,OPTIMAL,FEASIBLE_POINT,3.3258847808333045e8,1.9723489015042654e8,1.3535358793292502e8,1.088108849836334e6,1.3235893213033468e8,0.0,175849.29161766198,1.730697661135894e6,0.0,7.571096844236515e6,87.92464580883097,0.001161319787842411,3,41.493881980572446,249477.11298380053,96662.41924337762,346139.53222717816,6.694584836441127,0.0,0,0.0,2.842170943040401e-14,0.0,659.52,157.5,1482.5,74.125,0.0,2218.7763571600995,687.7621778153633,74.125,616.3236307652909,1559.2563571600995,530.2621778153633,616.3236307652909,-0.0,-0.0,306.3970680979303,1225.5882723917211,413.189299940682,3305.514399525456,719.5863680386124,4531.102671917177,3.271698778065716e6,1.5526022873527198e6,8952.777012242906,2.828608994601527e6,1.8391481263471893e6,1.7482942089056433e6,0.2,0.1,300.0,300.0,5.0,1.0e6
20,base_oil0.05_voll2000_co210,0.05,2000.0,10.0,OPTIMAL,FEASIBLE_POINT,3.4297513134174114e8,2.0691155097604737e8,1.3606358036570182e8,1.1253574541283634e6,1.2279236696777177e8,1.0065148927900903e7,7738.642056549083,2.0729683738569142e6,0.0,7.571096844236515e6,3.869321028274541,5.1106479125545135e-5,1,3.869321028274541,312581.73216726055,102011.94260412175,414593.6747713823,7.588019224494263,0.0,0,0.0,0.0,0.0,659.52,157.5,1482.5,74.125,0.0,2413.397313447801,681.2947660385466,74.125,575.9318744433642,1753.8773134478008,523.7947660385466,575.9318744433642,-0.0,-0.0,314.36044855856386,1257.4417942342554,483.55913993133703,3868.4731194506962,797.9195884899009,5125.914913684952,3.517455670301265e6,1.5317438070725743e6,9259.252277372838,2.6241643694391684e6,2.2576948213563967e6,2.146164697181384e6,0.2,0.1,300.0,300.0,5.0,1.0e6
21,base_oil0.05_voll2000_co220,0.05,2000.0,20.0,OPTIMAL,FEASIBLE_POINT,3.527432541272727e8,2.1450204393234092e8,1.3824121019497073e8,1.1476326597151093e6,1.1573375200341043e8,1.8983263236993685e7,0.0,2.3765622948424164e6,0.0,7.571096844236515e6,0.0,0.0,0,0.0,366382.75080352277,108929.70816496052,475312.45896848326,8.351341702735745,0.0,0,0.0,7.710174756728549,0.0,659.52,157.5,1482.5,74.125,0.0,2544.989001224416,689.1439272818811,74.125,545.0070671901444,1885.4690012244162,531.6439272818811,545.0070671901444,-0.0,-0.0,273.8530385339932,1095.4121541359727,566.1862440932072,4529.489952745657,840.0392826272004,5624.90210688163,3.6724893442496136e6,1.543648455759827e6,9442.528930760962,2.473316508579207e6,2.587044398438004e6,2.4592444051551414e6,0.2,0.1,300.0,300.0,5.0,1.0e6
22,base_oil0.05_voll2000_co230,0.05,2000.0,30.0,OPTIMAL,FEASIBLE_POINT,3.6208963394603e8,2.1885666654945546e8,1.4323296739655578e8,1.1719033915420666e6,1.1194766561472906e8,2.7554183399473287e7,0.0,2.559214990814554e6,0.0,7.571096844236515e6,0.0,0.0,0,0.0,397548.1331364474,114294.86502646415,511842.99816291156,8.79303859747341,0.0,0,0.0,19.005388031742797,0.0,659.52,157.5,1482.5,74.125,0.0,2611.3794639236658,699.2319577909428,74.125,528.4431707024755,1951.859463923666,541.7319577909428,528.4431707024755,-0.0,-0.0,263.7968876119489,1055.1875504477955,603.6071912829906,4828.857530263925,867.4040788949394,5884.04508071172,3.746684962315734e6,1.5624745574675365e6,9642.224439168393,2.3924050216020243e6,2.8362332305247854e6,2.6961233089368814e6,0.2,0.1,300.0,300.0,5.0,1.0e6
23,base_oil0.05_voll2000_co240,0.05,2000.0,40.0,OPTIMAL,FEASIBLE_POINT,3.7114276408907855e8,2.21966869253708e8,1.4917589483537477e8,1.2006368719172052e6,1.0939794208889593e8,3.591506749794311e7,0.0,2.6622483766127042e6,0.0,7.571096844236515e6,0.0,0.0,0,0.0,417690.25686706376,114759.41845547632,532449.6753225401,9.01408514219854,0.0,0,0.0,35.72044163408458,0.0,659.52,157.5,1482.5,74.125,0.0,2670.768991363788,695.7332594076837,74.125,514.935604045154,2011.248991363788,538.2332594076837,514.935604045154,-0.0,-0.0,268.5638436153952,1074.2553744615807,629.2342917599873,5033.874334079898,897.7981353753825,6108.129708541479,3.8207934247373515e6,1.5536200693363124e6,9878.638693700894,2.337915530165147e6,3.058923455384645e6,2.9078126366885914e6,0.2,0.1,300.0,300.0,5.0,1.0e6
24,base_oil0.05_voll2000_co250,0.05,2000.0,50.0,OPTIMAL,FEASIBLE_POINT,3.799156096563315e8,2.282689869780625e8,1.5164662267827165e8,1.3266882538912422e6,1.0446633308116129e8,4.292255326461868e7,0.0,2.931048078605039e6,0.0,7.571096844236515e6,0.0,0.0,0,0.0,466940.77264853904,119268.84307246674,586209.6157210058,9.63162049014968,0.0,0,0.0,63.975532294935505,0.0,659.52,157.5,1482.5,74.125,0.0,2774.080508648158,702.1909219042176,74.125,489.84603500586866,2114.560508648158,544.6909219042176,489.84603500586866,-0.0,-0.0,274.0030154894739,1096.0120619578956,676.8233541237147,5414.586832989718,950.8263696131886,6510.598894947613,3.935497253771002e6,1.5645962227086036e6,10915.768310897141,2.232523371338781e6,3.4906026698965714e6,3.31816689800361e6,0.2,0.1,300.0,300.0,5.0,1.0e6
25,base_oil0.05_voll6500_co20,0.05,6500.0,0.0,OPTIMAL,FEASIBLE_POINT,3.326512070469296e8,2.001422206210656e8,1.3250898642586324e8,1.1012004778523112e6,1.29653834036264e8,0.0,0.0,1.7539519117466935e6,0.0,7.571096844236515e6,0.0,0.0,0,0.0,256634.18860992917,94156.19373940959,350790.38234933873,6.692561813288994,0.0,0,0.0,0.0,0.0,659.52,157.5,1482.5,74.125,0.0,2272.8454187800244,681.6107092955752,74.125,605.0481788490273,1613.3254187800244,524.1107092955752,605.0481788490273,-0.0,-0.0,369.30463971966975,1477.218558878679,403.35248417324783,3226.8198733859826,772.6571238929175,4704.038432264661,3.350348762539795e6,1.540357192922727e6,9060.492730548023,2.770799032878524e6,2.0135351586063164e6,1.9140665217711052e6,0.2,0.1,300.0,300.0,5.0,1.0e6
26,base_oil0.05_voll6500_co210,0.05,6500.0,10.0,OPTIMAL,FEASIBLE_POINT,3.429809032334615e8,2.0740026747422877e8,1.3558063575919533e8,1.1285945790159092e6,1.2234604765165243e8,1.0028991769796455e7,0.0,2.077001758734808e6,0.0,7.571096844236515e6,0.0,0.0,0,0.0,313801.31631469564,101599.03543226603,415400.35174696165,7.586705282025128,0.0,0,0.0,0.0,0.0,659.52,157.5,1482.5,74.125,0.0,2423.2432784769817,679.6073701626758,74.125,573.5866025352319,1763.7232784769817,522.1073701626758,573.5866025352319,-0.0,-0.0,315.86971653233627,1263.478866129345,488.34714729188903,3906.7771783351122,804.2168638242254,5170.256044464457,3.531861534195492e6,1.5281103119357582e6,9285.88679769986,2.6146261931204963e6,2.283139307953144e6,2.1703522261402644e6,0.2,0.1,300.0,300.0,5.0,1.0e6
27,base_oil0.05_voll6500_co220,0.05,6500.0,20.0,OPTIMAL,FEASIBLE_POINT,3.5274325412727267e8,2.1450204393234086e8,1.382412101949707e8,1.1476326597151065e6,1.1573375200341043e8,1.898326323699368e7,0.0,2.376562294842417e6,0.0,7.571096844236515e6,0.0,0.0,0,0.0,366382.7508035231,108929.7081649606,475312.4589684837,8.351341702735748,0.0,0,0.0,7.71017475672889,0.0,659.52,157.5,1482.5,74.125,0.0,2544.989001224417,689.1439272818811,74.125,545.0070671901445,1885.4690012244166,531.6439272818811,545.0070671901445,-0.0,-0.0,273.8530385339942,1095.4121541359768,566.1862440932064,4529.489952745651,840.0392826272006,5624.902106881627,3.6724893442496127e6,1.543648455759827e6,9442.528930760938,2.4733165085792067e6,2.587044398438005e6,2.4592444051551423e6,0.2,0.1,300.0,300.0,5.0,1.0e6
28,base_oil0.05_voll6500_co230,0.05,6500.0,30.0,OPTIMAL,FEASIBLE_POINT,3.6208963394602996e8,2.1885666654945546e8,1.4323296739655563e8,1.171903391542045e6,1.1194766561472902e8,2.7554183399473265e7,0.0,2.5592149908145606e6,0.0,7.571096844236515e6,0.0,0.0,0,0.0,397548.133136449,114294.8650264639,511842.9981629129,8.793038597473435,0.0,0,0.0,19.005388031745525,0.0,659.52,157.5,1482.5,74.125,0.0,2611.3794639236694,699.2319577909415,74.125,528.4431707024762,1951.8594639236692,541.7319577909415,528.4431707024762,-0.0,-0.0,263.79688761195547,1055.1875504478219,603.6071912829862,4828.857530263889,867.4040788949417,5884.045080711711,3.7466849623157363e6,1.5624745574675354e6,9642.224439168218,2.392405021602022e6,2.836233230524788e6,2.6961233089368846e6,0.2,0.1,300.0,300.0,5.0,1.0e6
29,base_oil0.05_voll6500_co240,0.05,6500.0,40.0,OPTIMAL,FEASIBLE_POINT,3.711427640890785e8,2.21966869253708e8,1.4917589483537477e8,1.2006368719172045e6,1.0939794208889593e8,3.591506749794311e7,0.0,2.662248376612705e6,0.0,7.571096844236515e6,0.0,0.0,0,0.0,417690.25686706405,114759.41845547642,532449.6753225405,9.014085142198546,0.0,0,0.0,35.72044163408427,0.0,659.52,157.5,1482.5,74.125,0.0,2670.768991363788,695.7332594076842,74.125,514.935604045154,2011.2489913637876,538.2332594076842,514.935604045154,-0.0,-0.0,268.5638436153945,1074.255374461578,629.2342917599876,5033.874334079901,897.7981353753821,6108.129708541479,3.82079342473735e6,1.5536200693363126e6,9878.638693700892,2.3379155301651466e6,3.058923455384646e6,2.9078126366885877e6,0.2,0.1,300.0,300.0,5.0,1.0e6
30,base_oil0.05_voll6500_co250,0.05,6500.0,50.0,OPTIMAL,FEASIBLE_POINT,3.799156096563315e8,2.2826898697806245e8,1.5164662267827177e8,1.3266882538912534e6,1.0446633308116129e8,4.2922553264618695e7,0.0,2.931048078605038e6,0.0,7.571096844236515e6,0.0,0.0,0,0.0,466940.77264853887,119268.84307246667,586209.6157210055,9.631620490149677,0.0,0,0.0,63.97553229493528,0.0,659.52,157.5,1482.5,74.125,0.0,2774.080508648158,702.1909219042171,74.125,489.84603500586843,2114.560508648158,544.6909219042171,489.84603500586843,-0.0,-0.0,274.0030154894746,1096.0120619578984,676.823354123714,5414.586832989712,950.8263696131886,6510.5988949476105,3.935497253771003e6,1.5645962227086006e6,10915.768310897234,2.2325233713387814e6,3.490602669896569e6,3.318166898003608e6,0.2,0.1,300.0,300.0,5.0,1.0e6
31,base_oil0.05_voll10000_co20,0.05,10000.0,0.0,OPTIMAL,FEASIBLE_POINT,3.3265120704692954e8,2.0014222062106562e8,1.3250898642586325e8,1.1012004778523108e6,1.2965383403626402e8,0.0,0.0,1.7539519117466926e6,0.0,7.571096844236515e6,0.0,0.0,0,0.0,256634.18860992912,94156.1937394095,350790.3823493386,6.692561813288991,0.0,0,0.0,0.0,0.0,659.52,157.5,1482.5,74.125,0.0,2272.8454187800244,681.6107092955751,74.125,605.0481788490273,1613.3254187800246,524.1107092955751,605.0481788490273,-0.0,-0.0,369.3046397196708,1477.218558878683,403.3524841732472,3226.8198733859776,772.657123892918,4704.0384322646605,3.3503487625397956e6,1.5403571929227267e6,9060.49273054802,2.7707990328785237e6,2.013535158606317e6,1.914066521771106e6,0.2,0.1,300.0,300.0,5.0,1.0e6
32,base_oil0.05_voll10000_co210,0.05,10000.0,10.0,OPTIMAL,FEASIBLE_POINT,3.429809032334616e8,2.0740026747422892e8,1.3558063575919524e8,1.1285945790159067e6,1.2234604765165234e8,1.002899176979645e7,0.0,2.0770017587348123e6,0.0,7.571096844236515e6,0.0,0.0,0,0.0,313801.31631469645,101599.03543226645,415400.3517469629,7.586705282025148,0.0,0,0.0,0.0,0.0,659.52,157.5,1482.5,74.125,0.0,2423.2432784769817,679.6073701626774,74.125,573.5866025352318,1763.7232784769815,522.1073701626774,573.5866025352318,-0.0,-0.0,315.8697165323359,1263.4788661293435,488.3471472918895,3906.777178335116,804.2168638242254,5170.25604446446,3.5318615341954906e6,1.5281103119357617e6,9285.88679769984,2.6146261931204936e6,2.2831393079531477e6,2.1703522261402686e6,0.2,0.1,300.0,300.0,5.0,1.0e6
33,base_oil0.05_voll10000_co220,0.05,10000.0,20.0,OPTIMAL,FEASIBLE_POINT,3.527432541272728e8,2.1450204393234086e8,1.382412101949707e8,1.1476326597151144e6,1.1573375200341043e8,1.898326323699369e7,0.0,2.3765622948424146e6,0.0,7.571096844236515e6,0.0,0.0,0,0.0,366382.7508035225,108929.70816496074,475312.4589684832,8.351341702735745,0.0,0,0.0,7.710174756728065,0.0,659.52,157.5,1482.5,74.125,0.0,2544.989001224415,689.1439272818818,74.125,545.0070671901443,1885.469001224415,531.6439272818818,545.0070671901443,-0.0,-0.0,273.85303853399256,1095.4121541359702,566.1862440932074,4529.489952745659,840.0392826272,5624.902106881629,3.67248934424961e6,1.5436484557598287e6,9442.528930761002,2.4733165085792076e6,2.5870443984379927e6,2.459244405155135e6,0.2,0.1,300.0,300.0,5.0,1.0e6
34,base_oil0.05_voll10000_co230,0.05,10000.0,30.0,OPTIMAL,FEASIBLE_POINT,3.6208963394603e8,2.1885666654945552e8,1.4323296739655563e8,1.1719033915420442e6,1.1194766561472902e8,2.755418339947326e7,0.0,2.55921499081456e6,0.0,7.571096844236515e6,0.0,0.0,0,0.0,397548.13313644915,114294.86502646389,511842.998162913,8.793038597473437,0.0,0,0.0,19.00538803174581,0.0,659.52,157.5,1482.5,74.125,0.0,2611.3794639236694,699.2319577909415,74.125,528.4431707024762,1951.8594639236694,541.7319577909415,528.4431707024762,-0.0,-0.0,263.79688761195564,1055.1875504478226,603.6071912829863,4828.85753026389,867.4040788949419,5884.045080711712,3.7466849623157363e6,1.5624745574675354e6,9642.22443916821,2.392405021602022e6,2.836233230524788e6,2.6961233089368856e6,0.2,0.1,300.0,300.0,5.0,1.0e6
35,base_oil0.05_voll10000_co240,0.05,10000.0,40.0,OPTIMAL,FEASIBLE_POINT,3.7114276408907855e8,2.2196686925370803e8,1.491758948353748e8,1.2006368719172054e6,1.0939794208889593e8,3.591506749794311e7,0.0,2.662248376612705e6,0.0,7.571096844236515e6,0.0,0.0,0,0.0,417690.256867064,114759.41845547635,532449.6753225403,9.014085142198542,0.0,0,0.0,35.72044163408464,0.0,659.52,157.5,1482.5,74.125,0.0,2670.7689913637882,695.7332594076837,74.125,514.935604045154,2011.2489913637883,538.2332594076837,514.935604045154,-0.0,-0.0,268.56384361539546,1074.2553744615818,629.2342917599871,5033.8743340798965,897.7981353753826,6108.129708541478,3.8207934247373515e6,1.5536200693363124e6,9878.638693700894,2.337915530165147e6,3.0589234553846456e6,2.907812636688593e6,0.2,0.1,300.0,300.0,5.0,1.0e6
36,base_oil0.05_voll10000_co250,0.05,10000.0,50.0,OPTIMAL,FEASIBLE_POINT,3.799156096563315e8,2.282689869780625e8,1.5164662267827165e8,1.3266882538912424e6,1.0446633308116128e8,4.292255326461867e7,0.0,2.9310480786050404e6,0.0,7.571096844236515e6,0.0,0.0,0,0.0,466940.7726485395,119268.84307246679,586209.6157210063,9.631620490149688,0.0,0,0.0,63.97553229493522,0.0,659.52,157.5,1482.5,74.125,0.0,2774.0805086481582,702.1909219042175,74.125,489.84603500586866,2114.5605086481582,544.6909219042175,489.84603500586866,-0.0,-0.0,274.0030154894735,1096.012061957894,676.8233541237148,5414.5868329897185,950.8263696131883,6510.598894947612,3.935497253771004e6,1.5645962227086031e6,10915.768310897143,2.2325233713387814e6,3.4906026698965696e6,3.318166898003611e6,0.2,0.1,300.0,300.0,5.0,1.0e6
37,base_oil0.10_voll2000_co20,0.1,2000.0,0.0,OPTIMAL,FEASIBLE_POINT,3.293259815499529e8,1.9181385956092784e8,1.3751212198906082e8,5.1987434196410775e6,1.3032674197639431e8,0.0,182705.21458046284,1.8039313784437682e6,0.0,7.571096844236515e6,91.35260729023142,0.0012065967345243171,2,48.18911561940537,254894.78060663314,105891.49508212086,360786.275688754,6.941357788970324,0.0,0,0.0,0.0,0.0,659.52,157.5,1482.5,148.25,0.0,2185.4340152675645,721.1672805318234,148.25,547.1937916445416,1525.9140152675645,563.6672805318234,547.1937916445416,-0.0,-0.0,306.42738636274726,1225.709545450989,399.8317371246748,3198.6538969973985,706.2591234874221,4424.363442448388,3.2133671472828444e6,1.623479182309682e6,42774.38841427712,2.7851795769140846e6,1.898680228572607e6,1.8048854252811398e6,0.2,0.1,300.0,300.0,5.0,1.0e6
38,base_oil0.10_voll2000_co210,0.1,2000.0,10.0,OPTIMAL,FEASIBLE_POINT,3.399617367231086e8,1.983964548318662e8,1.4156528189127228e8,5.447707370406458e6,1.2356583023732422e8,1.0380086242184682e7,109850.69813971737,2.0618073432139612e6,0.0,7.571096844236515e6,54.92534906985868,0.0007254609232963452,2,29.916228955096315,301966.0067202862,110395.46192250687,412361.4686427931,7.629001970762126,0.0,0,0.0,-1.1368683772161603e-13,0.0,659.52,157.5,1482.5,148.25,0.0,2322.391268875217,717.0805526612852,148.25,518.2201159593674,1662.8712688752173,559.5805526612852,518.2201159593674,-0.0,-0.0,300.4868752536259,1201.9475010145036,453.21906024893593,3625.7524819914875,753.7059355025618,4827.699983005991,3.3836457130719894e6,1.6091751766481e6,44822.82202055164,2.6406938557840637e6,2.1719766930628335e6,2.0646810444255106e6,0.2,0.1,300.0,300.0,5.0,1.0e6
39,base_oil0.10_voll2000_co220,0.1,2000.0,20.0,OPTIMAL,FEASIBLE_POINT,3.500520291588596e8,2.0477410128888166e8,1.452779278699815e8,5.184814331494414e6,1.1792222031665063e8,1.9810353680394072e7,10396.067241732197,2.3501434742149147e6,0.0,7.571096844236515e6,5.198033620866099,6.865628227729109e-5,1,5.198033620866099,351418.37685166404,118610.31799131788,470028.69484298193,8.39197895763369,0.0,0,0.0,0.0,0.0,659.52,157.5,1482.5,148.25,0.0,2430.576550141959,727.1124416451543,148.25,499.0735743733579,1771.0565501419592,569.6124416451543,499.0735743733579,-0.0,-0.0,316.19060477566364,1264.7624191026546,480.8885050869282,3847.1080406954256,797.0791098625918,5111.87045979808,3.5058823024581126e6,1.625016950872833e6,42659.78221455757,2.520085706966812e6,2.4808319090996175e6,2.358278812790103e6,0.2,0.1,300.0,300.0,5.0,1.0e6
40,base_oil0.10_voll2000_co230,0.1,2000.0,30.0,OPTIMAL,FEASIBLE_POINT,3.5973248462610966e8,2.1067814388332355e8,1.4905434074283898e8,5.207675010645714e6,1.127683737857558e8,2.846042334270168e7,0.0,2.617868603735996e6,0.0,7.571096844236515e6,0.0,0.0,0,0.0,394336.11882554967,129237.60192164879,523573.72074719844,9.062285899556302,0.0,0,0.0,3.126388037344441e-13,0.0,659.52,157.5,1482.5,148.25,0.0,2511.0268280287646,747.5042791218207,148.25,479.19483303898204,1851.5068280287646,590.0042791218207,479.19483303898204,-0.0,-0.0,279.9622443817979,1119.8489775271917,541.1944403996796,4329.555523197437,821.1566847814775,5449.404500724629,3.5906383469878267e6,1.6632896194809463e6,42847.87604618184,2.4099441666912334e6,2.7454081977656577e6,2.6097850327960523e6,0.2,0.1,300.0,300.0,5.0,1.0e6
41,base_oil0.10_voll2000_co240,0.1,2000.0,40.0,OPTIMAL,FEASIBLE_POINT,3.6907789209079564e8,2.1475738476404792e8,1.5432050732679623e8,5.389029769066854e6,1.0922642552731441e8,3.683576688084203e7,0.0,2.8692851495687426e6,0.0,7.571096844236515e6,0.0,0.0,0,0.0,434406.5845991282,139450.44531462126,573857.0299137495,9.70652796552675,0.0,0,0.0,0.0,0.0,659.52,157.5,1482.5,148.25,0.0,2568.4175769966478,765.641305570654,148.25,463.988007792637,1908.8975769966476,608.141305570654,463.988007792637,-0.0,-0.0,259.42965395923017,1037.7186158369207,576.0451417726018,4608.361134180815,835.474795731832,5646.079750017735,3.6416464259187714e6,1.6965696557046915e6,44340.032563884895,2.3342500934543437e6,2.9495822551630153e6,2.8038728917580214e6,0.2,0.1,300.0,300.0,5.0,1.0e6
42,base_oil0.10_voll2000_co250,0.1,2000.0,50.0,OPTIMAL,FEASIBLE_POINT,3.781159158904279e8,2.2038888452248254e8,1.5772703136794493e8,4.979766433601713e6,1.0529846605680941e8,4.432606866994215e7,0.0,3.122730207579624e6,0.0,7.571096844236515e6,0.0,0.0,0,0.0,476470.60038107395,148075.44113485017,624546.0415159242,10.296860032946674,0.0,0,0.0,28.546409284147984,0.0,659.52,157.5,1482.5,148.25,0.0,2647.8789663658267,776.9945677794224,148.25,450.6697952008439,1988.3589663658267,619.4945677794224,450.6697952008439,-0.0,-0.0,272.20096811109204,1088.8038724443682,604.5821396484487,4836.657117187589,876.7831077595407,5925.460989631958,3.725686840451832e6,1.7151699643132873e6,40972.6825214169,2.25030667301527e6,3.259905183506884e6,3.0988658674416756e6,0.2,0.1,300.0,300.0,5.0,1.0e6
43,base_oil0.10_voll6500_co20,0.1,6500.0,0.0,OPTIMAL,FEASIBLE_POINT,3.2944199009355074e8,1.9341928640813056e8,1.3602270368543273e8,5.16457203287839e6,1.2904549985307533e8,0.0,30768.130624373156,1.7818636688555134e6,0.0,7.571096844236515e6,4.73355855759587,6.252143718382474e-5,1,4.73355855759587,255723.0870928335,100649.64667826905,356372.73377110256,6.817595068502975,0.0,0,0.0,-2.842170943040401e-14,0.0,659.52,157.5,1482.5,148.25,0.0,2219.314680612044,711.0960601530725,148.25,542.0298736766875,1559.7946806120442,553.5960601530725,542.0298736766875,-0.0,-0.0,383.98484106782956,1535.9393642713183,371.38724724781486,2971.097977982519,755.3720883156444,4507.037342253837,3.2663071178916804e6,1.604570083105758e6,42493.2319785662,2.7577984781401022e6,2.0258461627194663e6,1.9257693622811104e6,0.2,0.1,300.0,300.0,5.0,1.0e6
44,base_oil0.10_voll6500_co210,0.1,6500.0,10.0,OPTIMAL,FEASIBLE_POINT,3.399967023334289e8,1.9940976617980978e8,1.4058693615361342e8,5.30948917054476e6,1.2290432137433761e8,1.0318159743489794e7,0.0,2.054965865224635e6,0.0,7.571096844236515e6,0.0,0.0,0,0.0,302837.6954044037,108155.47764052298,410993.1730449267,7.576872496753062,0.0,0,0.0,0.0,0.0,659.52,157.5,1482.5,148.25,0.0,2340.26529078348,713.2287594247061,148.25,516.8374044467197,1680.74529078348,555.7287594247061,516.8374044467197,-0.0,-0.0,358.26814589978005,1433.0725835991202,426.92546793911805,3415.4037435129444,785.193613838898,4848.476327112065,3.4111399184160647e6,1.6021784991200694e6,43685.5858675863,2.626556918520192e6,2.2766007629053453e6,2.164136685217836e6,0.2,0.1,300.0,300.0,5.0,1.0e6
45,base_oil0.10_voll6500_co220,0.1,6500.0,20.0,OPTIMAL,FEASIBLE_POINT,3.5005814961969566e8,2.0487598688753352e8,1.451821627321667e8,5.144767909033311e6,1.1789461262610205e8,1.9801188608507242e7,0.0,2.3415935885436027e6,0.0,7.571096844236515e6,0.0,0.0,0,0.0,350399.4451455763,117919.27256314424,468318.7177087206,8.361622109068534,0.0,0,0.0,0.0,0.0,659.52,157.5,1482.5,148.25,0.0,2432.2211554854875,725.9756181315129,148.25,499.2525115857299,1772.7011554854878,568.4756181315129,499.2525115857299,-0.0,-0.0,325.5560555603104,1302.2242222412417,476.59785506294384,3812.7828405035507,802.1539106232542,5115.007062744792,3.5095112063983423e6,1.622981875326119e6,42330.28697105662,2.5194957100506644e6,2.494377216793494e6,2.3711549822838926e6,0.2,0.1,300.0,300.0,5.0,1.0e6
46,base_oil0.10_voll6500_co230,0.1,6500.0,30.0,OPTIMAL,FEASIBLE_POINT,3.5973248462610936e8,2.1067814388332352e8,1.4905434074283883e8,5.207675010645662e6,1.1276837378575581e8,2.8460423342701662e7,0.0,2.6178686037359983e6,0.0,7.571096844236515e6,0.0,0.0,0,0.0,394336.1188255498,129237.60192164914,523573.7207471989,9.062285899556288,0.0,0,0.0,0.0,0.0,659.52,157.5,1482.5,148.25,0.0,2511.026828028763,747.5042791218216,148.25,479.1948330389827,1851.5068280287628,590.0042791218216,479.1948330389827,-0.0,-0.0,279.96224438179723,1119.848977527189,541.1944403996791,4329.555523197433,821.1566847814763,5449.404500724622,3.5906383469878216e6,1.6632896194809463e6,42847.876046181416,2.4099441666912325e6,2.7454081977656567e6,2.6097850327960514e6,0.2,0.1,300.0,300.0,5.0,1.0e6
47,base_oil0.10_voll6500_co240,0.1,6500.0,40.0,OPTIMAL,FEASIBLE_POINT,3.6907789209079564e8,2.1475738476404792e8,1.5432050732679626e8,5.389029769066879e6,1.0922642552731445e8,3.6835766880842045e7,0.0,2.8692851495687524e6,0.0,7.571096844236515e6,0.0,0.0,0,0.0,434406.5845991297,139450.4453146217,573857.0299137514,9.70652796552678,0.0,0,0.0,0.0,0.0,659.52,157.5,1482.5,148.25,0.0,2568.417576996647,765.6413055706549,148.25,463.9880077926368,1908.897576996647,608.1413055706549,463.9880077926368,-0.0,-0.0,259.4296539592252,1037.7186158369009,576.0451417726042,4608.361134180834,835.4747957318294,5646.079750017734,3.641646425918769e6,1.6965696557046925e6,44340.03256388509,2.334250093454344e6,2.9495822551630135e6,2.8038728917580177e6,0.2,0.1,300.0,300.0,5.0,1.0e6
48,base_oil0.10_voll6500_co250,0.1,6500.0,50.0,OPTIMAL,FEASIBLE_POINT,3.781159158904278e8,2.2038888452248254e8,1.5772703136794487e8,4.979766433601691e6,1.0529846605680941e8,4.432606866994215e7,0.0,3.1227302075796253e6,0.0,7.571096844236515e6,0.0,0.0,0,0.0,476470.6003810741,148075.44113485032,624546.0415159245,10.296860032946679,0.0,0,0.0,28.546409284147927,0.0,659.52,157.5,1482.5,148.25,0.0,2647.8789663658263,776.9945677794225,148.25,450.66979520084413,1988.3589663658265,619.4945677794225,450.66979520084413,-0.0,-0.0,272.2009681110915,1088.803872444366,604.5821396484489,4836.657117187591,876.7831077595404,5925.460989631957,3.725686840451832e6,1.7151699643132868e6,40972.682521416726,2.25030667301527e6,3.2599051835068846e6,3.0988658674416756e6,0.2,0.1,300.0,300.0,5.0,1.0e6
49,base_oil0.10_voll10000_co20,0.1,10000.0,0.0,OPTIMAL,FEASIBLE_POINT,3.294466861026771e8,1.935485979051207e8,1.358980881975612e8,5.162805154729236e6,1.2895782973197335e8,0.0,0.0,1.7774533108584727e6,0.0,7.571096844236515e6,0.0,0.0,0,0.0,255968.80103064203,99521.86114105272,355490.66217169474,6.798691970109909,0.0,0,0.0,-2.842170943040401e-14,0.0,659.52,157.5,1482.5,148.25,0.0,2225.460614966595,707.6791456020793,148.25,541.3726740733154,1565.9406149665954,550.1791456020793,541.3726740733154,-0.0,-0.0,391.82367718809303,1567.2947087523721,369.10659810151816,2952.8527848121453,760.9302752896112,4520.147493564517,3.2758149403151902e6,1.5975040528790627e6,42478.69440166888,2.755924902332768e6,2.036958414823878e6,1.9363326691316136e6,0.2,0.1,300.0,300.0,5.0,1.0e6
50,base_oil0.10_voll10000_co210,0.1,10000.0,10.0,OPTIMAL,FEASIBLE_POINT,3.3999670233342904e8,1.994097661798098e8,1.4058693615361342e8,5.309489170544769e6,1.2290432137433763e8,1.0318159743489794e7,0.0,2.0549658652246345e6,0.0,7.571096844236515e6,0.0,0.0,0,0.0,302837.69540440344,108155.47764052298,410993.1730449264,7.576872496753056,0.0,0,0.0,0.0,0.0,659.52,157.5,1482.5,148.25,0.0,2340.26529078348,713.2287594247061,148.25,516.8374044467196,1680.74529078348,555.7287594247061,516.8374044467196,-0.0,-0.0,358.2681458997802,1433.072583599121,426.9254679391181,3415.403743512945,785.1936138388983,4848.4763271120655,3.411139918416065e6,1.6021784991200694e6,43685.58586758636,2.626556918520192e6,2.276600762905346e6,2.164136685217838e6,0.2,0.1,300.0,300.0,5.0,1.0e6
51,base_oil0.10_voll10000_co220,0.1,10000.0,20.0,OPTIMAL,FEASIBLE_POINT,3.500581496196956e8,2.048759868875335e8,1.4518216273216674e8,5.144767909033313e6,1.1789461262610206e8,1.9801188608507246e7,0.0,2.3415935885436e6,0.0,7.571096844236515e6,0.0,0.0,0,0.0,350399.44514557585,117919.2725631442,468318.71770872007,8.361622109068525,0.0,0,0.0,0.0,0.0,659.52,157.5,1482.5,148.25,0.0,2432.2211554854875,725.9756181315129,148.25,499.2525115857299,1772.7011554854873,568.4756181315129,499.2525115857299,-0.0,-0.0,325.55605556031054,1302.2242222412422,476.5978550629438,3812.7828405035502,802.1539106232543,5115.007062744792,3.509511206398343e6,1.622981875326119e6,42330.28697105667,2.5194957100506644e6,2.4943772167934934e6,2.3711549822838916e6,0.2,0.1,300.0,300.0,5.0,1.0e6
52,base_oil0.10_voll10000_co230,0.1,10000.0,30.0,OPTIMAL,FEASIBLE_POINT,3.5973248462610936e8,2.106781438833235e8,1.4905434074283898e8,5.207675010645719e6,1.1276837378575583e8,2.846042334270168e7,0.0,2.617868603735997e6,0.0,7.571096844236515e6,0.0,0.0,0,0.0,394336.11882554967,129237.60192164885,523573.7207471985,9.062285899556281,0.0,0,0.0,2.842170943040401e-14,0.0,659.52,157.5,1482.5,148.25,0.0,2511.0268280287637,747.5042791218211,148.25,479.19483303898204,1851.5068280287637,590.0042791218211,479.19483303898204,-0.0,-0.0,279.96224438179786,1119.8489775271914,541.1944403996794,4329.555523197435,821.1566847814772,5449.404500724626,3.590638346987824e6,1.6632896194809463e6,42847.8760461819,2.409944166691233e6,2.7454081977656577e6,2.6097850327960528e6,0.2,0.1,300.0,300.0,5.0,1.0e6
53,base_oil0.10_voll10000_co240,0.1,10000.0,40.0,OPTIMAL,FEASIBLE_POINT,3.6907789209079564e8,2.1475738476404792e8,1.543205073267962e8,5.389029769066874e6,1.0922642552731442e8,3.683576688084204e7,0.0,2.8692851495687505e6,0.0,7.571096844236515e6,0.0,0.0,0,0.0,434406.5845991294,139450.44531462155,573857.029913751,9.706527965526769,0.0,0,0.0,0.0,0.0,659.52,157.5,1482.5,148.25,0.0,2568.4175769966473,765.6413055706547,148.25,463.9880077926368,1908.8975769966473,608.1413055706547,463.9880077926368,-0.0,-0.0,259.4296539592246,1037.7186158368984,576.0451417726048,4608.361134180838,835.4747957318293,5646.079750017737,3.6416464259187696e6,1.6965696557046922e6,44340.032563885055,2.3342500934543437e6,2.949582255163014e6,2.803872891758018e6,0.2,0.1,300.0,300.0,5.0,1.0e6
54,base_oil0.10_voll10000_co250,0.1,10000.0,50.0,OPTIMAL,FEASIBLE_POINT,3.781159158904278e8,2.2038888452248254e8,1.5772703136794484e8,4.9797664336016895e6,1.0529846605680941e8,4.432606866994213e7,0.0,3.122730207579625e6,0.0,7.571096844236515e6,0.0,0.0,0,0.0,476470.6003810741,148075.44113485035,624546.0415159245,10.296860032946679,0.0,0,0.0,28.546409284148154,0.0,659.52,157.5,1482.5,148.25,0.0,2647.8789663658263,776.9945677794226,148.25,450.66979520084413,1988.3589663658265,619.4945677794226,450.66979520084413,-0.0,-0.0,272.200968111092,1088.803872444368,604.5821396484487,4836.657117187589,876.7831077595406,5925.460989631957,3.725686840451832e6,1.7151699643132878e6,40972.6825214167,2.25030667301527e6,3.259905183506884e6,3.098865867441676e6,0.2,0.1,300.0,300.0,5.0,1.0e6
55,base_oil0.15_voll2000_co20,0.15,2000.0,0.0,OPTIMAL,FEASIBLE_POINT,3.286908881982824e8,1.8571208591853964e8,1.4297880227974328e8,8.889553255483678e6,1.3195894658542612e8,0.0,181738.17600947752,1.9485642628224299e6,0.0,7.571096844236515e6,90.86908800473876,0.0012002103509468735,2,48.316357536639934,271575.5375770618,118137.31498742476,389712.85256448656,7.559680585226917,0.0,0,0.0,-8.526512829121202e-14,0.0,659.52,157.5,1482.5,222.375,0.0,2120.2108472563577,746.6156639787812,222.375,529.7486749186317,1460.6908472563575,589.1156639787812,529.7486749186317,-0.0,-0.0,304.2954247035666,1217.1816988142664,343.90960280362987,2751.276822429039,648.2050275071965,3968.4585212433053,3.093177874910298e6,1.6722589930843145e6,73141.75235940247,2.820061005494812e6,1.7739605404943966e6,1.6863268897939906e6,0.2,0.1,300.0,300.0,5.0,1.0e6
56,base_oil0.15_voll2000_co210,0.15,2000.0,10.0,OPTIMAL,FEASIBLE_POINT,3.3958932404344577e8,1.9449553310635996e8,1.450937909370522e8,7.707641157211046e6,1.2463431966165641e8,1.059883026757072e7,10825.514206974034,2.142174336416085e6,0.0,7.571096844236515e6,5.412757103487017,7.149237706036569e-5,1,5.412757103487017,310140.17013464926,118294.69714856727,428434.86728321656,7.971811874790023,0.0,0,0.0,-2.842170943040401e-14,0.0,659.52,157.5,1482.5,222.375,0.0,2276.6304316260625,734.516699666568,222.375,508.27402127751424,1617.1104316260626,577.016699666568,508.27402127751424,-0.0,-0.0,290.38865383531686,1161.5546153412674,422.7874769974484,3382.299815979587,713.1761308327652,4543.854431320855,3.302849558551586e6,1.6430881009190597e6,63417.17796089561,2.6635282708678157e6,2.060560259514376e6,1.958768582694314e6,0.2,0.1,300.0,300.0,5.0,1.0e6
57,base_oil0.15_voll2000_co220,0.15,2000.0,20.0,OPTIMAL,FEASIBLE_POINT,3.4993814106397074e8,2.0093809635886872e8,1.490000447051349e8,6.70873670370836e6,1.1961081131370357e8,2.0263032725805655e7,0.0,2.4174639619049793e6,0.0,7.571096844236515e6,0.0,0.0,0,0.0,353255.6859598369,130237.10642116008,483492.792380997,8.701007502620635,0.0,0,0.0,1.7551142448046733,0.0,659.52,157.5,1482.5,222.375,0.0,2358.858595200938,756.1500498289613,222.375,496.30487821069397,1699.338595200938,598.6500498289613,496.30487821069397,-0.0,-0.0,249.2783122954745,997.113249181898,481.9747987944455,3855.798390355564,731.25311108992,4852.911639537462,3.3902293160381024e6,1.6830228114694904e6,55198.359751585966,2.5561721546710674e6,2.2980930707256217e6,2.1845672730317963e6,0.2,0.1,300.0,300.0,5.0,1.0e6
58,base_oil0.15_voll2000_co230,0.15,2000.0,30.0,OPTIMAL,FEASIBLE_POINT,3.5970828763268983e8,2.103744905463723e8,1.4933379708634812e8,5.417703605729886e6,1.1274352333355726e8,2.849108010280408e7,0.0,2.6814900442659245e6,0.0,7.571096844236515e6,0.0,0.0,0,0.0,403034.0622236057,133263.94662957898,536298.0088531846,9.267289063795399,0.0,0,0.0,56.98242973911718,0.0,659.52,157.5,1482.5,222.375,0.0,2506.131944023643,754.7045416457538,222.375,477.8584582733515,1846.6119440236428,597.2045416457538,477.8584582733515,-0.0,-0.0,258.24594177732087,1032.9837671092835,546.7517346452313,4374.01387716185,804.9976764225521,5406.997644271134,3.5741722716224627e6,1.676529619509609e6,44575.95607996347,2.4094130940128355e6,2.7043339471321586e6,2.570739850143849e6,0.2,0.1,300.0,300.0,5.0,1.0e6
59,base_oil0.15_voll2000_co240,0.15,2000.0,40.0,OPTIMAL,FEASIBLE_POINT,3.6906412803447175e8,2.1476314779971614e8,1.5430098023475593e8,5.391576949525433e6,1.0920633352186458e8,3.682981604286738e7,0.0,2.8732537204987546e6,0.0,7.571096844236515e6,0.0,0.0,0,0.0,435145.3415988023,139505.40250094846,574650.7440997508,9.718184408540058,0.0,0,0.0,73.48513979395932,0.0,659.52,157.5,1482.5,222.375,0.0,2569.329101241725,765.4868085447948,222.375,463.7993032317998,1909.8091012417249,607.9868085447948,463.7993032317998,-0.0,-0.0,258.54545512546986,1034.1818205018794,576.4857553154231,4611.886042523385,835.031210440893,5646.067863025264,3.6423542487807847e6,1.6961442121784121e6,44360.99033723542,2.333820712327972e6,2.947030756842133e6,2.801447437454175e6,0.2,0.1,300.0,300.0,5.0,1.0e6
60,base_oil0.15_voll2000_co250,0.15,2000.0,50.0,OPTIMAL,FEASIBLE_POINT,3.7810451720864725e8,2.2037556779773822e8,1.5772894941093564e8,4.967708778526068e6,1.053116767209091e8,4.43279334827439e7,0.0,3.121630428753889e6,0.0,7.571096844236515e6,0.0,0.0,0,0.0,476193.31669559295,148132.76905518532,624326.0857507782,10.294140173736976,0.0,0,0.0,102.5332486895156,0.0,659.52,157.5,1482.5,222.375,0.0,2647.2243648093827,777.2050350656672,222.375,450.7551816923424,1987.704364809383,619.7050350656672,450.7551816923424,-0.0,-0.0,271.8814915093161,1087.5259660372644,604.6677562670678,4837.342050136543,876.5492477763839,5924.868016173807,3.7249252780132294e6,1.7156173403128476e6,40873.47415894561,2.250588994749726e6,3.257251882556392e6,3.0963436395581816e6,0.2,0.1,300.0,300.0,5.0,1.0e6
61,base_oil0.15_voll6500_co20,0.15,6500.0,0.0,OPTIMAL,FEASIBLE_POINT,3.2877606060593945e8,1.8865489586918172e8,1.4012116473675463e8,8.014953983408045e6,1.3019536986582063e8,0.0,7213.089636715476,1.9036277978899209e6,0.0,7.571096844236515e6,1.1097060979562272,1.465713780693466e-5,1,1.1097060979562272,268256.60419700644,112468.95538097726,380725.5595779837,7.324835765421948,0.0,0,0.0,8.526512829121202e-14,0.0,659.52,157.5,1482.5,222.375,0.0,2163.4478309858896,735.7603228870536,222.375,527.9390934735748,1503.9278309858896,578.2603228870536,527.9390934735748,-0.0,-0.0,354.038754422854,1416.155017691416,343.71441768157786,2749.715341452623,697.7531721044319,4165.870359144039,3.1651134690992828e6,1.6518960710673295e6,65945.69632223216,2.7823720570311113e6,1.907521437037589e6,1.813289878047901e6,0.2,0.1,300.0,300.0,5.0,1.0e6
62,base_oil0.15_voll6500_co210,0.15,6500.0,10.0,OPTIMAL,FEASIBLE_POINT,3.395952440657598e8,1.948087231503483e8,1.4478652091545805e8,7.289204169101417e6,1.247749446595192e8,1.058589123979019e7,0.0,2.1364808470481494e6,0.0,7.571096844236515e6,0.0,0.0,0,0.0,309221.94223431,118074.22717531992,427296.1694096299,7.951380835182255,0.0,0,0.0,-8.526512829121202e-14,0.0,659.52,157.5,1482.5,222.375,0.0,2276.253767586758,734.5527433552206,222.375,511.71149916033164,1616.7337675867582,577.0527433552206,511.71149916033164,-0.0,-0.0,293.64445995495834,1174.5778398198333,421.5051839577326,3372.0414716618607,715.1496439126909,4546.619311481694,3.303170024388208e6,1.6433950042343892e6,59974.348643972546,2.666533531845765e6,2.0642928112517565e6,1.9623167463759384e6,0.2,0.1,300.0,300.0,5.0,1.0e6
63,base_oil0.15_voll6500_co220,0.15,6500.0,20.0,OPTIMAL,FEASIBLE_POINT,3.4993814106397074e8,2.0093809635886875e8,1.4900004470513487e8,6.708736703708338e6,1.1961081131370352e8,2.026303272580565e7,0.0,2.4174639619049844e6,0.0,7.571096844236515e6,0.0,0.0,0,0.0,353255.685959837,130237.10642116015,483492.79238099715,8.701007502620637,0.0,0,0.0,1.755114244804048,0.0,659.52,157.5,1482.5,222.375,0.0,2358.858595200939,756.1500498289611,222.375,496.3048782106941,1699.338595200939,598.6500498289611,496.3048782106941,-0.0,-0.0,249.27831229547274,997.113249181891,481.97479879444654,3855.7983903555723,731.2531110899192,4852.911639537463,3.390229316038102e6,1.6830228114694895e6,55198.359751585784,2.5561721546710664e6,2.2980930707256207e6,2.184567273031794e6,0.2,0.1,300.0,300.0,5.0,1.0e6
64,base_oil0.15_voll6500_co230,0.15,6500.0,30.0,OPTIMAL,FEASIBLE_POINT,3.597082876326899e8,2.1037449054637226e8,1.493337970863482e8,5.417703605729899e6,1.1274352333355728e8,2.8491080102804083e7,0.0,2.681490044265926e6,0.0,7.571096844236515e6,0.0,0.0,0,0.0,403034.0622236057,133263.94662957892,536298.0088531846,9.267289063795399,0.0,0,0.0,56.98242973911729,0.0,659.52,157.5,1482.5,222.375,0.0,2506.131944023643,754.7045416457535,222.375,477.8584582733514,1846.6119440236432,597.2045416457535,477.8584582733514,-0.0,-0.0,258.24594177732115,1032.9837671092846,546.7517346452313,4374.01387716185,804.9976764225524,5406.997644271135,3.574172271622463e6,1.6765296195096092e6,44575.95607996355,2.4094130940128355e6,2.7043339471321576e6,2.570739850143848e6,0.2,0.1,300.0,300.0,5.0,1.0e6
65,base_oil0.15_voll6500_co240,0.15,6500.0,40.0,OPTIMAL,FEASIBLE_POINT,3.6906412803447187e8,2.1476314779971611e8,1.5430098023475564e8,5.391576949525628e6,1.092063335218646e8,3.682981604286743e7,0.0,2.8732537204987695e6,0.0,7.571096844236515e6,0.0,0.0,0,0.0,435145.3415988053,139505.40250094875,574650.744099754,9.718184408540102,0.0,0,0.0,73.48513979395585,0.0,659.52,157.5,1482.5,222.375,0.0,2569.3291012417285,765.4868085447946,222.375,463.7993032317976,1909.8091012417285,607.9868085447946,463.7993032317976,-0.0,-0.0,258.5454551254669,1034.1818205018676,576.4857553154249,4611.886042523399,835.0312104408918,5646.067863025266,3.642354248780786e6,1.6961442121784114e6,44360.99033723707,2.333820712327973e6,2.947030756842136e6,2.8014474374541794e6,0.2,0.1,300.0,300.0,5.0,1.0e6
66,base_oil0.15_voll6500_co250,0.15,6500.0,50.0,OPTIMAL,FEASIBLE_POINT,3.7810451720864713e8,2.2037556779773813e8,1.5772894941093567e8,4.967708778526077e6,1.053116767209091e8,4.432793348274391e7,0.0,3.1216304287538873e6,0.0,7.571096844236515e6,0.0,0.0,0,0.0,476193.3166955925,148132.76905518532,624326.0857507777,10.294140173736968,0.0,0,0.0,102.53324868951506,0.0,659.52,157.5,1482.5,222.375,0.0,2647.2243648093818,777.2050350656674,222.375,450.75518169234243,1987.7043648093818,619.7050350656674,450.75518169234243,-0.0,-0.0,271.8814915093152,1087.5259660372608,604.6677562670682,4837.342050136545,876.5492477763834,5924.868016173807,3.724925278013228e6,1.7156173403128495e6,40873.47415894568,2.2505889947497263e6,3.2572518825563886e6,3.0963436395581793e6,0.2,0.1,300.0,300.0,5.0,1.0e6
67,base_oil0.15_voll10000_co20,0.15,10000.0,0.0,OPTIMAL,FEASIBLE_POINT,3.287761261241312e8,1.8874218512534022e8,1.400339409988321e8,8.0076121603221195e6,1.301218962559917e8,0.0,0.0,1.9044325825184244e6,0.0,7.571096844236515e6,0.0,0.0,0,0.0,268556.46814565756,112330.04835802756,380886.51650368515,7.3251152074780475,0.0,0,0.0,0.0,0.0,659.52,157.5,1482.5,222.375,0.0,2165.4356559251773,735.2784185077298,222.375,527.6772984971924,1505.9156559251774,577.7784185077298,527.6772984971924,-0.0,-0.0,355.3964279023153,1421.5857116092611,343.75185859104226,2750.014868728338,699.1482864933575,4171.600580337599,3.167968263451044e6,1.6508793636782025e6,65885.28903397097,2.7808018712472226e6,1.9116992545313428e6,1.8172613113575424e6,0.2,0.1,300.0,300.0,5.0,1.0e6
68,base_oil0.15_voll10000_co210,0.15,10000.0,10.0,OPTIMAL,FEASIBLE_POINT,3.395952440657592e8,1.9480872315034834e8,1.44786520915458e8,7.289204169101139e6,1.24774944659525e8,1.0585891239790166e7,0.0,2.1364808470481345e6,0.0,7.571096844236515e6,0.0,0.0,0,0.0,309221.94223430735,118074.22717531977,427296.1694096271,7.951380835182207,0.0,0,0.0,2.842170943040401e-14,0.0,659.52,157.5,1482.5,222.375,0.0,2276.253767586753,734.5527433552211,222.375,511.71149916033454,1616.733767586753,577.0527433552211,511.71149916033454,-0.0,-0.0,293.64445995495237,1174.5778398198095,421.50518395773565,3372.041471661885,715.149643912688,4546.619311481694,3.3031700243882015e6,1.64339500423439e6,59974.34864397022,2.6665335318457643e6,2.0642928112517493e6,1.9623167463759219e6,0.2,0.1,300.0,300.0,5.0,1.0e6
69,base_oil0.15_voll10000_co220,0.15,10000.0,20.0,OPTIMAL,FEASIBLE_POINT,3.4993814106397074e8,2.009380963588687e8,1.4900004470513493e8,6.708736703708355e6,1.1961081131370357e8,2.026303272580566e7,0.0,2.41746396190498e6,0.0,7.571096844236515e6,0.0,0.0,0,0.0,353255.68595983693,130237.10642116005,483492.792380997,8.701007502620635,0.0,0,0.0,1.75511424480473,0.0,659.52,157.5,1482.5,222.375,0.0,2358.858595200938,756.150049828961,222.375,496.3048782106941,1699.3385952009382,598.650049828961,496.3048782106941,-0.0,-0.0,249.27831229547525,997.113249181901,481.9747987944447,3855.798390355558,731.2531110899199,4852.9116395374585,3.390229316038101e6,1.6830228114694892e6,55198.35975158593,2.5561721546710683e6,2.2980930707256203e6,2.1845672730317954e6,0.2,0.1,300.0,300.0,5.0,1.0e6
70,base_oil0.15_voll10000_co230,0.15,10000.0,30.0,OPTIMAL,FEASIBLE_POINT,3.5970828763268983e8,2.103744905463723e8,1.4933379708634815e8,5.4177036057298845e6,1.1274352333355726e8,2.849108010280408e7,0.0,2.6814900442659245e6,0.0,7.571096844236515e6,0.0,0.0,0,0.0,403034.06222360546,133263.94662957868,536298.0088531842,9.26728906379539,0.0,0,0.0,56.98242973911803,0.0,659.52,157.5,1482.5,222.375,0.0,2506.131944023644,754.7045416457527,222.375,477.8584582733515,1846.6119440236441,597.2045416457527,477.8584582733515,-0.0,-0.0,258.24594177732206,1032.9837671092882,546.751734645231,4374.013877161848,804.997676422553,5406.997644271136,3.5741722716224664e6,1.6765296195096078e6,44575.956079963435,2.4094130940128355e6,2.7043339471321576e6,2.57073985014385e6,0.2,0.1,300.0,300.0,5.0,1.0e6
71,base_oil0.15_voll10000_co240,0.15,10000.0,40.0,OPTIMAL,FEASIBLE_POINT,3.6906412803447187e8,2.1476314779971606e8,1.5430098023475567e8,5.3915769495256245e6,1.0920633352186461e8,3.682981604286742e7,0.0,2.873253720498767e6,0.0,7.571096844236515e6,0.0,0.0,0,0.0,435145.341598805,139505.40250094875,574650.7440997537,9.718184408540099,0.0,0,0.0,73.48513979395608,0.0,659.52,157.5,1482.5,222.375,0.0,2569.329101241728,765.4868085447947,222.375,463.7993032317977,1909.809101241728,607.9868085447947,463.7993032317977,-0.0,-0.0,258.54545512546724,1034.181820501869,576.4857553154246,4611.886042523397,835.0312104408919,5646.067863025266,3.642354248780786e6,1.696144212178412e6,44360.99033723701,2.3338207123279725e6,2.947030756842136e6,2.8014474374541794e6,0.2,0.1,300.0,300.0,5.0,1.0e6
72,base_oil0.15_voll10000_co250,0.15,10000.0,50.0,OPTIMAL,FEASIBLE_POINT,3.781045172086472e8,2.2037556779773813e8,1.577289494109357e8,4.967708778526058e6,1.053116767209091e8,4.43279334827439e7,0.0,3.1216304287538873e6,0.0,7.571096844236515e6,0.0,0.0,0,0.0,476187.099055312,148138.9866954659,624326.0857507779,10.29414017373697,0.0,0,0.0,102.53324868951523,0.0,659.52,157.5,1482.5,222.375,0.0,2647.2243648093818,777.2050350656675,222.375,450.75518169234255,1987.7043648093818,619.7050350656675,450.75518169234255,-0.0,-0.0,271.8814915093152,1087.5259660372608,604.6677562670682,4837.342050136545,876.5492477763834,5924.868016173807,3.7249314956535087e6,1.715611122672569e6,40873.47415894554,2.250588994749726e6,3.25725188255639e6,3.0963436395581793e6,0.2,0.1,300.0,300.0,5.0,1.0e6
73,base_oil0.20_voll2000_co20,0.2,2000.0,0.0,OPTIMAL,FEASIBLE_POINT,3.284118766254091e8,1.8359039984374753e8,1.448214767816232e8,9.421212481055137e6,1.3344364930804649e8,0.0,11999.062583667097,1.9446159299382663e6,0.0,7.571096844236515e6,5.999531291833549,7.924256439013432e-5,1,5.999531291833549,267528.29158204445,121394.89440560884,388923.18598765327,7.605967144950038,0.0,0,0.0,0.0,0.0,659.52,157.5,1482.5,296.5,0.0,2081.608755561122,754.7502923681702,296.5,532.6160950920442,1422.088755561122,597.2502923681702,532.6160950920442,-0.0,-0.0,263.0794153061164,1052.3176612244656,350.0514214813939,2800.411371851151,613.1308367875104,3852.729033075617,3.0359639874058976e6,1.6885083826979497e6,77516.15524543631,2.8517902088660495e6,1.6738439172047605e6,1.5911560276948789e6,0.2,0.1,300.0,300.0,5.0,1.0e6
74,base_oil0.20_voll2000_co210,0.2,2000.0,10.0,OPTIMAL,FEASIBLE_POINT,3.394915677888026e8,1.9131945512332115e8,1.4817211266547504e8,8.177734339272892e6,1.269807941473037e8,1.0817316384350533e7,0.0,2.1962677945456635e6,0.0,7.571096844236515e6,0.0,0.0,0,0.0,308551.9018393217,130701.65706981122,439253.55890913296,8.252568227001793,0.0,0,0.0,14.336654019355223,0.0,659.52,157.5,1482.5,296.5,0.0,2199.142730761406,764.219715239955,296.5,516.3444458176074,1539.6227307614056,606.719715239955,516.3444458176074,-0.0,-0.0,229.18963946488614,916.7585578595446,420.0850301875323,3360.6802415002585,649.2746696524184,4277.438799359803,3.181465620451721e6,1.7019094475910498e6,67285.02577282047,2.7136741788837095e6,1.8873973373024263e6,1.7941599088397135e6,0.2,0.1,300.0,300.0,5.0,1.0e6
75,base_oil0.20_voll2000_co220,0.2,2000.0,20.0,OPTIMAL,FEASIBLE_POINT,3.499381410639736e8,2.0093809635886887e8,1.4900004470513487e8,6.708736703708353e6,1.1961081131370352e8,2.026303272580572e7,0.0,2.417463961904979e6,0.0,7.571096844236515e6,0.0,0.0,0,0.0,353255.6859598369,130237.10642115948,483492.79238099634,8.70100750262062,0.0,0,0.0,75.88011424480592,0.0,659.52,157.5,1482.5,296.5,0.0,2358.8585952009416,756.1500498289597,296.5,496.3048782106934,1699.3385952009417,598.6500498289597,496.3048782106934,-0.0,-0.0,249.27831229547468,997.1132491818987,481.9747987944473,3855.7983903555782,731.253111089922,4852.911639537477,3.3902293160381066e6,1.683022811469488e6,55198.35975158592,2.556172154671067e6,2.2980930707256235e6,2.1845672730317987e6,0.2,0.1,300.0,300.0,5.0,1.0e6
76,base_oil0.20_voll2000_co230,0.2,2000.0,30.0,OPTIMAL,FEASIBLE_POINT,3.59708287632692e8,2.1037449054637223e8,1.4933379708634818e8,5.4177036057298975e6,1.1274352333355728e8,2.849108010280399e7,0.0,2.681490044265923e6,0.0,7.571096844236515e6,0.0,0.0,0,0.0,403034.0622236052,133263.94662957866,536298.0088531838,9.267289063795383,0.0,0,0.0,131.10742973911746,0.0,659.52,157.5,1482.5,296.5,0.0,2506.131944023644,754.7045416457527,296.5,477.8584582733514,1846.6119440236437,597.2045416457527,477.8584582733514,-0.0,-0.0,258.245941777321,1032.983767109284,546.7517346452316,4374.013877161853,804.9976764225526,5406.997644271137,3.5741722716224645e6,1.6765296195096078e6,44575.95607996357,2.4094130940128355e6,2.704333947132156e6,2.570739850143846e6,0.2,0.1,300.0,300.0,5.0,1.0e6
77,base_oil0.20_voll2000_co240,0.2,2000.0,40.0,OPTIMAL,FEASIBLE_POINT,3.6906412803447056e8,2.1476314779971611e8,1.543009802347556e8,5.391576949525594e6,1.0920633352186458e8,3.6829816042867504e7,0.0,2.873253720498767e6,0.0,7.571096844236515e6,0.0,0.0,0,0.0,435145.34159880487,139505.40250094878,574650.7440997537,9.718184408540102,0.0,0,0.0,147.6101397939565,0.0,659.52,157.5,1482.5,296.5,0.0,2569.3291012417276,765.4868085447947,296.5,463.799303231798,1909.8091012417278,607.9868085447947,463.799303231798,-0.0,-0.0,258.54545512546747,1034.1818205018699,576.4857553154245,4611.886042523396,835.031210440892,5646.067863025266,3.6423542487807865e6,1.6961442121784117e6,44360.9903372368,2.3338207123279725e6,2.9470307568421355e6,2.801447437454179e6,0.2,0.1,300.0,300.0,5.0,1.0e6
78,base_oil0.20_voll2000_co250,0.2,2000.0,50.0,OPTIMAL,FEASIBLE_POINT,3.78104517208646e8,2.2037556779773813e8,1.5772894941093573e8,4.967708778526071e6,1.053116767209091e8,4.432793348274378e7,0.0,3.121630428753887e6,0.0,7.571096844236515e6,0.0,0.0,0,0.0,476193.3166955925,148132.76905518532,624326.0857507777,10.294140173736968,0.0,0,0.0,176.65824868951503,0.0,659.52,157.5,1482.5,296.5,0.0,2647.2243648093818,777.2050350656674,296.5,450.75518169234243,1987.7043648093818,619.7050350656674,450.75518169234243,-0.0,-0.0,271.8814915093152,1087.5259660372608,604.6677562670682,4837.342050136545,876.5492477763834,5924.868016173807,3.724925278013228e6,1.7156173403128495e6,40873.47415894569,2.2505889947497263e6,3.2572518825563896e6,3.0963436395581793e6,0.2,0.1,300.0,300.0,5.0,1.0e6
79,base_oil0.20_voll6500_co20,0.2,6500.0,0.0,OPTIMAL,FEASIBLE_POINT,3.284189209260914e8,1.836827544768283e8,1.447361664492637e8,9.496300207224263e6,1.333067966508158e8,0.0,0.0,1.9330695912238273e6,0.0,7.571096844236515e6,0.0,0.0,0,0.0,265994.50236838276,120619.41587638209,386613.91824476485,7.55955805389201,0.0,0,0.0,2.842170943040401e-14,0.0,659.52,157.5,1482.5,296.5,0.0,2083.0259650536636,754.1644058758545,296.5,531.5664041230551,1423.5059650536634,596.6644058758545,531.5664041230551,-0.0,-0.0,275.3822962785296,1101.5291851141185,344.8264712079268,2758.611769663414,620.2087674864564,3860.140954777533,3.0397468739121323e6,1.6878788960444126e6,78133.96445528661,2.8488655656175325e6,1.6908594290069067e6,1.607330973213928e6,0.2,0.1,300.0,300.0,5.0,1.0e6
80,base_oil0.20_voll6500_co210,0.2,6500.0,10.0,OPTIMAL,FEASIBLE_POINT,3.394915677888026e8,1.913194551233212e8,1.4817211266547495e8,8.17773433927286e6,1.2698079414730366e8,1.0817316384350529e7,0.0,2.1962677945456663e6,0.0,7.571096844236515e6,0.0,0.0,0,0.0,308551.90183932224,130701.65706981135,439253.5589091336,8.252568227001804,0.0,0,0.0,14.336654019355109,0.0,659.52,157.5,1482.5,296.5,0.0,2199.1427307614067,764.219715239955,296.5,516.3444458176075,1539.6227307614065,606.719715239955,516.3444458176075,-0.0,-0.0,229.18963946488495,916.7585578595398,420.08503018753316,3360.6802415002653,649.2746696524181,4277.438799359805,3.1814656204517228e6,1.70190944759105e6,67285.02577282021,2.713674178883709e6,1.8873973373024273e6,1.7941599088397133e6,0.2,0.1,300.0,300.0,5.0,1.0e6
81,base_oil0.20_voll6500_co220,0.2,6500.0,20.0,OPTIMAL,FEASIBLE_POINT,3.499381410639735e8,2.0093809635886875e8,1.4900004470513487e8,6.708736703708334e6,1.1961081131370352e8,2.0263032725805722e7,0.0,2.4174639619049835e6,0.0,7.571096844236515e6,0.0,0.0,0,0.0,353255.685959837,130237.10642116013,483492.7923809971,8.701007502620637,0.0,0,0.0,75.8801142448041,0.0,659.52,157.5,1482.5,296.5,0.0,2358.858595200939,756.1500498289611,296.5,496.3048782106941,1699.338595200939,598.6500498289611,496.3048782106941,-0.0,-0.0,249.2783122954728,997.1132491818912,481.97479879444654,3855.7983903555723,731.2531110899193,4852.911639537464,3.3902293160381024e6,1.6830228114694895e6,55198.35975158576,2.5561721546710664e6,2.2980930707256207e6,2.1845672730317945e6,0.2,0.1,300.0,300.0,5.0,1.0e6
82,base_oil0.20_voll6500_co230,0.2,6500.0,30.0,OPTIMAL,FEASIBLE_POINT,3.59708287632692e8,2.1037449054637232e8,1.493337970863481e8,5.417703605729879e6,1.1274352333355726e8,2.849108010280399e7,0.0,2.681490044265927e6,0.0,7.571096844236515e6,0.0,0.0,0,0.0,403034.06222360575,133263.94662957892,536298.0088531846,9.267289063795397,0.0,0,0.0,131.1074297391178,0.0,659.52,157.5,1482.5,296.5,0.0,2506.1319440236434,754.7045416457535,296.5,477.8584582733515,1846.6119440236434,597.2045416457535,477.8584582733515,-0.0,-0.0,258.2459417773223,1032.9837671092891,546.7517346452305,4374.013877161844,804.9976764225528,5406.997644271133,3.5741722716224627e6,1.676529619509609e6,44575.956079963435,2.4094130940128355e6,2.704333947132158e6,2.57073985014385e6,0.2,0.1,300.0,300.0,5.0,1.0e6
83,base_oil0.20_voll6500_co240,0.2,6500.0,40.0,OPTIMAL,FEASIBLE_POINT,3.6906412803447056e8,2.1476314779971617e8,1.5430098023475608e8,5.391576949525473e6,1.0920633352186456e8,3.682981604286748e7,0.0,2.873253720498757e6,0.0,7.571096844236515e6,0.0,0.0,0,0.0,435145.34159880294,139505.40250094866,574650.7440997516,9.718184408540072,0.0,0,0.0,147.61013979395867,0.0,659.52,157.5,1482.5,296.5,0.0,2569.329101241725,765.4868085447953,296.5,463.79930323179934,1909.809101241725,607.9868085447953,463.79930323179934,-0.0,-0.0,258.54545512546946,1034.1818205018778,576.4857553154233,4611.886042523386,835.0312104408927,5646.067863025264,3.642354248780785e6,1.6961442121784135e6,44360.990337235766,2.3338207123279725e6,2.947030756842134e6,2.8014474374541775e6,0.2,0.1,300.0,300.0,5.0,1.0e6
84,base_oil0.20_voll6500_co250,0.2,6500.0,50.0,OPTIMAL,FEASIBLE_POINT,3.7810451720864606e8,2.203755677977382e8,1.577289494109357e8,4.9677087785260435e6,1.0531167672090909e8,4.432793348274376e7,0.0,3.1216304287538882e6,0.0,7.571096844236515e6,0.0,0.0,0,0.0,476187.0990553121,148138.98669546595,624326.0857507781,10.294140173736974,0.0,0,0.0,176.65824868951537,0.0,659.52,157.5,1482.5,296.5,0.0,2647.2243648093818,777.2050350656675,296.5,450.7551816923426,1987.704364809382,619.7050350656675,450.7551816923426,-0.0,-0.0,271.8814915093151,1087.5259660372603,604.6677562670684,4837.342050136547,876.5492477763835,5924.8680161738075,3.7249314956535087e6,1.715611122672569e6,40873.47415894548,2.2505889947497253e6,3.257251882556391e6,3.096343639558179e6,0.2,0.1,300.0,300.0,5.0,1.0e6
85,base_oil0.20_voll10000_co20,0.2,10000.0,0.0,OPTIMAL,FEASIBLE_POINT,3.284189209260913e8,1.8368275447682828e8,1.447361664492637e8,9.496300207224246e6,1.333067966508158e8,0.0,0.0,1.933069591223822e6,0.0,7.571096844236515e6,0.0,0.0,0,0.0,265994.50236838206,120619.41587638175,386613.9182447638,7.559558053891992,0.0,0,0.0,0.0,0.0,659.52,157.5,1482.5,296.5,0.0,2083.0259650536627,754.1644058758541,296.5,531.5664041230553,1423.505965053663,596.6644058758541,531.5664041230553,-0.0,-0.0,275.3822962785291,1101.5291851141164,344.82647120792706,2758.6117696634165,620.2087674864562,3860.140954777533,3.0397468739121323e6,1.6878788960444108e6,78133.96445528652,2.8488655656175325e6,1.6908594290069046e6,1.607330973213928e6,0.2,0.1,300.0,300.0,5.0,1.0e6
86,base_oil0.20_voll10000_co210,0.2,10000.0,10.0,OPTIMAL,FEASIBLE_POINT,3.3949156778880256e8,1.913194551233211e8,1.4817211266547504e8,8.17773433927289e6,1.2698079414730372e8,1.0817316384350538e7,0.0,2.1962677945456607e6,0.0,7.571096844236515e6,0.0,0.0,0,0.0,308551.90183932125,130701.65706981115,439253.5589091324,8.252568227001786,0.0,0,0.0,14.336654019355336,0.0,659.52,157.5,1482.5,296.5,0.0,2199.142730761405,764.219715239955,296.5,516.3444458176075,1539.622730761405,606.719715239955,516.3444458176075,-0.0,-0.0,229.18963946488628,916.7585578595451,420.08503018753214,3360.680241500257,649.2746696524184,4277.438799359802,3.1814656204517214e6,1.7019094475910498e6,67285.02577282047,2.71367417888371e6,1.887397337302426e6,1.7941599088397122e6,0.2,0.1,300.0,300.0,5.0,1.0e6
87,base_oil0.20_voll10000_co220,0.2,10000.0,20.0,OPTIMAL,FEASIBLE_POINT,3.4993814106397355e8,2.009380963588689e8,1.4900004470513484e8,6.7087367037083255e6,1.1961081131370345e8,2.026303272580571e7,0.0,2.417463961904987e6,0.0,7.571096844236515e6,0.0,0.0,0,0.0,353255.68595983787,130237.10642115968,483492.79238099756,8.701007502620639,0.0,0,0.0,75.88011424480513,0.0,659.52,157.5,1482.5,296.5,0.0,2358.8585952009435,756.1500498289596,296.5,496.3048782106934,1699.3385952009435,598.6500498289596,496.3048782106934,-0.0,-0.0,249.27831229547198,997.1132491818879,481.97479879444916,3855.7983903555933,731.2531110899212,4852.911639537481,3.39022931603811e6,1.6830228114694878e6,55198.359751585696,2.556172154671066e6,2.2980930707256226e6,2.1845672730317987e6,0.2,0.1,300.0,300.0,5.0,1.0e6
88,base_oil0.20_voll10000_co230,0.2,10000.0,30.0,OPTIMAL,FEASIBLE_POINT,3.5970828763269204e8,2.103744905463723e8,1.4933379708634815e8,5.417703605729859e6,1.1274352333355726e8,2.8491080102803983e7,0.0,2.681490044265924e6,0.0,7.571096844236515e6,0.0,0.0,0,0.0,403034.0622236054,133263.9466295787,536298.0088531841,9.267289063795388,0.0,0,0.0,131.1074297391178,0.0,659.52,157.5,1482.5,296.5,0.0,2506.1319440236434,754.704541645753,296.5,477.85845827335174,1846.6119440236434,597.204541645753,477.85845827335174,-0.0,-0.0,258.2459417773214,1032.9837671092855,546.7517346452312,4374.013877161849,804.9976764225526,5406.997644271135,3.574172271622463e6,1.676529619509609e6,44575.95607996328,2.409413094012835e6,2.704333947132157e6,2.570739850143848e6,0.2,0.1,300.0,300.0,5.0,1.0e6
89,base_oil0.20_voll10000_co240,0.2,10000.0,40.0,OPTIMAL,FEASIBLE_POINT,3.690641280344708e8,2.147631477997161e8,1.5430098023475578e8,5.391576949525665e6,1.0920633352186464e8,3.6829816042867534e7,0.0,2.873253720498775e6,0.0,7.571096844236515e6,0.0,0.0,0,0.0,435145.34159880586,139505.4025009488,574650.7440997546,9.718184408540111,0.0,0,0.0,147.61013979395537,0.0,659.52,157.5,1482.5,296.5,0.0,2569.3291012417294,765.4868085447944,296.5,463.7993032317972,1909.8091012417292,607.9868085447944,463.7993032317972,-0.0,-0.0,258.5454551254667,1034.1818205018667,576.4857553154249,4611.886042523399,835.0312104408915,5646.067863025266,3.6423542487807865e6,1.6961442121784114e6,44360.99033723738,2.333820712327972e6,2.947030756842136e6,2.80144743745418e6,0.2,0.1,300.0,300.0,5.0,1.0e6
90,base_oil0.20_voll10000_co250,0.2,10000.0,50.0,OPTIMAL,FEASIBLE_POINT,3.7810451720864594e8,2.2037556779773813e8,1.5772894941093567e8,4.967708778526071e6,1.053116767209091e8,4.4327933482743785e7,0.0,3.1216304287538873e6,0.0,7.571096844236515e6,0.0,0.0,0,0.0,476193.3166955925,148132.76905518532,624326.0857507777,10.294140173736968,0.0,0,0.0,176.65824868951526,0.0,659.52,157.5,1482.5,296.5,0.0,2647.2243648093818,777.2050350656674,296.5,450.7551816923424,1987.704364809382,619.7050350656674,450.7551816923424,-0.0,-0.0,271.88149150931554,1087.5259660372622,604.6677562670681,4837.3420501365445,876.5492477763836,5924.868016173807,3.7249252780132284e6,1.7156173403128495e6,40873.4741589457,2.250588994749726e6,3.25725188255639e6,3.09634363955818e6,0.2,0.1,300.0,300.0,5.0,1.0e6
91,base_oil0.25_voll2000_co20,0.25,2000.0,0.0,OPTIMAL,FEASIBLE_POINT,3.283127484538517e8,1.7951721116531926e8,1.487955372885303e8,1.0275020273059644e7,1.3653785269240406e8,0.0,0.0,1.9826643230662665e6,0.0,7.571096844236515e6,0.0,0.0,0,0.0,271510.802177091,125022.06243616204,396532.86461325304,7.869136509081264,0.0,0,0.0,10.483972433560723,0.0,659.52,157.5,1482.5,370.625,0.0,2009.854703647587,771.2503185010535,370.625,540.680253467928,1350.334703647587,613.7503185010535,540.680253467928,-0.0,-0.0,201.3388415701346,805.3553662805384,345.277839286375,2762.222714291,546.6166808565097,3567.5780805715385,2.91810851396459e6,1.7244485413344814e6,84541.14247376521,2.917915640547951e6,1.4962954268050527e6,1.4223784327208474e6,0.2,0.1,300.0,300.0,5.0,1.0e6
92,base_oil0.25_voll2000_co210,0.25,2000.0,10.0,OPTIMAL,FEASIBLE_POINT,3.394915677888043e8,1.913194551233212e8,1.4817211266547537e8,8.177734339272865e6,1.269807941473038e8,1.081731638435055e7,0.0,2.196267794545668e6,0.0,7.571096844236515e6,0.0,0.0,0,0.0,315266.74672973354,123986.81217940003,439253.55890913354,8.252568227001802,0.0,0,0.0,88.46165401935536,0.0,659.52,157.5,1482.5,370.625,0.0,2199.142730761407,764.2197152399549,370.625,516.3444458176074,1539.6227307614072,606.7197152399549,516.3444458176074,-0.0,-0.0,229.18963946488554,916.7585578595422,420.08503018753294,3360.6802415002635,649.2746696524184,4277.438799359806,3.174750775561306e6,1.7086242924814606e6,67285.02577282031,2.7136741788837016e6,1.8873973373024256e6,1.7941599088397152e6,0.2,0.1,300.0,300.0,5.0,1.0e6
93,base_oil0.25_voll2000_co220,0.25,2000.0,20.0,OPTIMAL,FEASIBLE_POINT,3.499381410639728e8,2.0093809635886866e8,1.4900004470513472e8,6.708736703708339e6,1.1961081131370386e8,2.0263032725805756e7,0.0,2.4174639619049802e6,0.0,7.571096844236515e6,0.0,0.0,0,0.0,359487.48890928563,124005.30347171034,483492.792380996,8.701007502620621,0.0,0,0.0,150.0051142448044,0.0,659.52,157.5,1482.5,370.625,0.0,2358.858595200936,756.1500498289614,370.625,496.3048782106945,1699.3385952009362,598.6500498289614,496.3048782106945,-0.0,-0.0,249.2783122954747,997.1132491818988,481.97479879444444,3855.7983903555555,731.2531110899191,4852.911639537454,3.3839975130886515e6,1.6892546144189422e6,55198.35975158585,2.5561721546710622e6,2.2980930707256203e6,2.1845672730317926e6,0.2,0.1,300.0,300.0,5.0,1.0e6
94,base_oil0.25_voll2000_co230,0.25,2000.0,30.0,OPTIMAL,FEASIBLE_POINT,3.5970828763269246e8,2.103744905463723e8,1.4933379708634797e8,5.417703605729866e6,1.1274352333355726e8,2.8491080102804076e7,0.0,2.681490044265923e6,0.0,7.571096844236515e6,0.0,0.0,0,0.0,409345.2867916031,126952.7220615815,536298.0088531845,9.267289063795397,0.0,0,0.0,205.23242973911735,0.0,659.52,157.5,1482.5,370.625,0.0,2506.131944023643,754.7045416457536,370.625,477.85845827335163,1846.611944023643,597.2045416457536,477.85845827335163,-0.0,-0.0,258.24594177732087,1032.9837671092835,546.7517346452313,4374.01387716185,804.9976764225521,5406.997644271134,3.5678610470544724e6,1.6828408440776062e6,44575.95607996336,2.40941309401283e6,2.7043339471321604e6,2.570739850143842e6,0.2,0.1,300.0,300.0,5.0,1.0e6
95,base_oil0.25_voll2000_co240,0.25,2000.0,40.0,OPTIMAL,FEASIBLE_POINT,3.690641280344733e8,2.1476314779971614e8,1.5430098023475626e8,5.391576949525565e6,1.0920633352186452e8,3.682981604286762e7,0.0,2.8732537204987668e6,0.0,7.571096844236515e6,0.0,0.0,0,0.0,440926.83704663627,133723.90705311712,574650.7440997534,9.718184408540099,0.0,0,0.0,221.73513979395696,0.0,659.52,157.5,1482.5,370.625,0.0,2569.3291012417276,765.4868085447948,370.625,463.7993032317982,1909.8091012417274,607.9868085447948,463.7993032317982,-0.0,-0.0,258.54545512546787,1034.1818205018715,576.4857553154243,4611.886042523394,835.0312104408922,5646.067863025266,3.636572753332959e6,1.701925707626243e6,44360.99033723659,2.3338207123279762e6,2.9470307568421345e6,2.8014474374541733e6,0.2,0.1,300.0,300.0,5.0,1.0e6
96,base_oil0.25_voll2000_co250,0.25,2000.0,50.0,OPTIMAL,FEASIBLE_POINT,3.7810451720864654e8,2.2037556779773813e8,1.5772894941093624e8,4.967708778526068e6,1.0531167672090927e8,4.432793348274373e7,0.0,3.1216304287538873e6,0.0,7.571096844236515e6,0.0,0.0,0,0.0,482487.70976471226,141838.375986066,624326.0857507782,10.294140173736976,0.0,0,0.0,250.78324868951515,0.0,659.52,157.5,1482.5,370.625,0.0,2647.2243648093818,777.2050350656674,370.625,450.7551816923424,1987.704364809382,619.7050350656674,450.7551816923424,-0.0,-0.0,271.8814915093154,1087.5259660372617,604.6677562670681,4837.3420501365445,876.5492477763835,5924.868016173807,3.7186308849441074e6,1.7219117333819682e6,40873.47415894569,2.2505889947497267e6,3.257251882556392e6,3.0963436395581802e6,0.2,0.1,300.0,300.0,5.0,1.0e6
97,base_oil0.25_voll6500_co20,0.25,6500.0,0.0,OPTIMAL,FEASIBLE_POINT,3.283127484538517e8,1.7951721116531926e8,1.487955372885303e8,1.0275020273059651e7,1.3653785269240406e8,0.0,0.0,1.982664323066266e6,0.0,7.571096844236515e6,0.0,0.0,0,0.0,271510.802177091,125022.06243616203,396532.86461325304,7.869136509081264,0.0,0,0.0,10.483972433560808,0.0,659.52,157.5,1482.5,370.625,0.0,2009.8547036475873,771.2503185010535,370.625,540.6802534679279,1350.3347036475873,613.7503185010535,540.6802534679279,-0.0,-0.0,201.33884157013452,805.3553662805381,345.2778392863752,2762.2227142910015,546.6166808565097,3567.5780805715394,2.91810851396459e6,1.7244485413344814e6,84541.14247376529,2.917915640547951e6,1.4962954268050534e6,1.4223784327208477e6,0.2,0.1,300.0,300.0,5.0,1.0e6
98,base_oil0.25_voll6500_co210,0.25,6500.0,10.0,OPTIMAL,FEASIBLE_POINT,3.394915677888044e8,1.9131945512332115e8,1.4817211266547534e8,8.17773433927289e6,1.2698079414730379e8,1.0817316384350551e7,0.0,2.1962677945456645e6,0.0,7.571096844236515e6,0.0,0.0,0,0.0,315266.7467297327,123986.81217940002,439253.5589091327,8.252568227001788,0.0,0,0.0,88.46165401935619,0.0,659.52,157.5,1482.5,370.625,0.0,2199.142730761406,764.2197152399551,370.625,516.3444458176074,1539.6227307614058,606.7197152399551,516.3444458176074,-0.0,-0.0,229.18963946488878,916.7585578595551,420.0850301875306,3360.680241500245,649.2746696524193,4277.4387993598,3.1747507755613048e6,1.7086242924814608e6,67285.0257728205,2.7136741788837025e6,1.8873973373024266e6,1.794159908839716e6,0.2,0.1,300.0,300.0,5.0,1.0e6
99,base_oil0.25_voll6500_co220,0.25,6500.0,20.0,OPTIMAL,FEASIBLE_POINT,3.499381410639727e8,2.0093809635886863e8,1.4900004470513478e8,6.708736703708346e6,1.1961081131370384e8,2.0263032725805756e7,0.0,2.4174639619049826e6,0.0,7.571096844236515e6,0.0,0.0,0,0.0,359487.4889092859,124005.30347171045,483492.7923809964,8.701007502620628,0.0,0,0.0,150.0051142448044,0.0,659.52,157.5,1482.5,370.625,0.0,2358.858595200936,756.1500498289616,370.625,496.30487821069437,1699.3385952009364,598.6500498289616,496.30487821069437,-0.0,-0.0,249.27831229547485,997.1132491818994,481.9747987944444,3855.798390355555,731.2531110899192,4852.911639537455,3.383997513088653e6,1.6892546144189425e6,55198.3597515859,2.556172154671062e6,2.298093070725621e6,2.1845672730317935e6,0.2,0.1,300.0,300.0,5.0,1.0e6
100,base_oil0.25_voll6500_co230,0.25,6500.0,30.0,OPTIMAL,FEASIBLE_POINT,3.5970828763269246e8,2.1037449054637235e8,1.4933379708634788e8,5.41770360572984e6,1.1274352333355722e8,2.8491080102804054e7,0.0,2.681490044265921e6,0.0,7.571096844236515e6,0.0,0.0,0,0.0,409345.2867916029,126952.72206158146,536298.0088531844,9.267289063795396,0.0,0,0.0,205.23242973911786,0.0,659.52,157.5,1482.5,370.625,0.0,2506.131944023643,754.7045416457537,370.625,477.8584582733518,1846.611944023643,597.2045416457537,477.8584582733518,-0.0,-0.0,258.2459417773215,1032.983767109286,546.7517346452312,4374.013877161849,804.9976764225527,5406.997644271136,3.5678610470544724e6,1.6828408440776065e6,44575.95607996314,2.409413094012829e6,2.7043339471321614e6,2.5707398501438433e6,0.2,0.1,300.0,300.0,5.0,1.0e6
101,base_oil0.25_voll6500_co240,0.25,6500.0,40.0,OPTIMAL,FEASIBLE_POINT,3.690641280344733e8,2.1476314779971606e8,1.543009802347564e8,5.391576949525638e6,1.0920633352186455e8,3.682981604286765e7,0.0,2.8732537204987723e6,0.0,7.571096844236515e6,0.0,0.0,0,0.0,440926.83704663755,133723.90705311717,574650.7440997547,9.718184408540116,0.0,0,0.0,221.73513979395526,0.0,659.52,157.5,1482.5,370.625,0.0,2569.3291012417285,765.4868085447945,370.625,463.7993032317974,1909.8091012417287,607.9868085447945,463.7993032317974,-0.0,-0.0,258.54545512546645,1034.1818205018658,576.485755315425,4611.8860425234,835.0312104408914,5646.067863025266,3.6365727533329586e6,1.7019257076262422e6,44360.99033723722,2.333820712327978e6,2.9470307568421336e6,2.8014474374541733e6,0.2,0.1,300.0,300.0,5.0,1.0e6
102,base_oil0.25_voll6500_co250,0.25,6500.0,50.0,OPTIMAL,FEASIBLE_POINT,3.781045172086465e8,2.2037556779773813e8,1.5772894941093618e8,4.967708778526084e6,1.0531167672090927e8,4.432793348274373e7,0.0,3.12163042875389e6,0.0,7.571096844236515e6,0.0,0.0,0,0.0,482425.5333619076,141900.55238887138,624326.0857507789,10.294140173736986,0.0,0,0.0,250.78324868951515,0.0,659.52,157.5,1482.5,370.625,0.0,2647.2243648093827,777.2050350656675,370.625,450.7551816923421,1987.7043648093825,619.7050350656675,450.7551816923421,-0.0,-0.0,271.88149150931554,1087.5259660372622,604.6677562670682,4837.342050136545,876.5492477763837,5924.8680161738075,3.718693061346913e6,1.7218495569791629e6,40873.474158945835,2.2505889947497267e6,3.2572518825563933e6,3.0963436395581826e6,0.2,0.1,300.0,300.0,5.0,1.0e6
103,base_oil0.25_voll10000_co20,0.25,10000.0,0.0,OPTIMAL,FEASIBLE_POINT,3.283127484538517e8,1.7951721116531926e8,1.4879553728853032e8,1.027502027305965e7,1.3653785269240406e8,0.0,0.0,1.982664323066266e6,0.0,7.571096844236515e6,0.0,0.0,0,0.0,271510.802177091,125022.06243616203,396532.86461325304,7.869136509081264,0.0,0,0.0,10.483972433560808,0.0,659.52,157.5,1482.5,370.625,0.0,2009.8547036475873,771.2503185010535,370.625,540.6802534679279,1350.3347036475873,613.7503185010535,540.6802534679279,-0.0,-0.0,201.33884157013452,805.3553662805381,345.2778392863752,2762.2227142910015,546.6166808565097,3567.5780805715394,2.9181085139645906e6,1.7244485413344814e6,84541.14247376529,2.917915640547951e6,1.4962954268050534e6,1.4223784327208477e6,0.2,0.1,300.0,300.0,5.0,1.0e6
104,base_oil0.25_voll10000_co210,0.25,10000.0,10.0,OPTIMAL,FEASIBLE_POINT,3.394915677888044e8,1.9131945512332112e8,1.4817211266547543e8,8.177734339272887e6,1.269807941473038e8,1.0817316384350553e7,0.0,2.1962677945456696e6,0.0,7.571096844236515e6,0.0,0.0,0,0.0,315266.7467297334,123986.81217940015,439253.55890913354,8.252568227001804,0.0,0,0.0,88.4616540193546,0.0,659.52,157.5,1482.5,370.625,0.0,2199.1427307614063,764.2197152399551,370.625,516.3444458176074,1539.6227307614063,606.7197152399551,516.3444458176074,-0.0,-0.0,229.1896394648854,916.7585578595416,420.0850301875324,3360.6802415002594,649.2746696524179,4277.438799359801,3.1747507755613048e6,1.7086242924814606e6,67285.02577282052,2.7136741788837025e6,1.8873973373024242e6,1.794159908839714e6,0.2,0.1,300.0,300.0,5.0,1.0e6
105,base_oil0.25_voll10000_co220,0.25,10000.0,20.0,OPTIMAL,FEASIBLE_POINT,3.499381410639728e8,2.0093809635886863e8,1.4900004470513478e8,6.708736703708339e6,1.1961081131370386e8,2.0263032725805756e7,0.0,2.417463961904979e6,0.0,7.571096844236515e6,0.0,0.0,0,0.0,359487.4889092855,124005.30347171027,483492.7923809958,8.701007502620618,0.0,0,0.0,150.00511424480416,0.0,659.52,157.5,1482.5,370.625,0.0,2358.858595200936,756.1500498289613,370.625,496.3048782106945,1699.3385952009362,598.6500498289613,496.3048782106945,-0.0,-0.0,249.27831229547428,997.1132491818971,481.9747987944447,3855.798390355558,731.253111089919,4852.911639537455,3.3839975130886515e6,1.689254614418942e6,55198.35975158585,2.5561721546710622e6,2.29809307072562e6,2.184567273031792e6,0.2,0.1,300.0,300.0,5.0,1.0e6
106,base_oil0.25_voll10000_co230,0.25,10000.0,30.0,OPTIMAL,FEASIBLE_POINT,3.5970828763269246e8,2.1037449054637235e8,1.4933379708634788e8,5.417703605729842e6,1.1274352333355722e8,2.8491080102804054e7,0.0,2.681490044265921e6,0.0,7.571096844236515e6,0.0,0.0,0,0.0,409345.2867916029,126952.72206158146,536298.0088531844,9.267289063795396,0.0,0,0.0,205.23242973911786,0.0,659.52,157.5,1482.5,370.625,0.0,2506.131944023643,754.7045416457537,370.625,477.8584582733518,1846.611944023643,597.2045416457537,477.8584582733518,-0.0,-0.0,258.2459417773215,1032.983767109286,546.7517346452312,4374.013877161849,804.9976764225527,5406.997644271136,3.5678610470544724e6,1.6828408440776062e6,44575.95607996314,2.409413094012829e6,2.7043339471321614e6,2.5707398501438424e6,0.2,0.1,300.0,300.0,5.0,1.0e6
107,base_oil0.25_voll10000_co240,0.25,10000.0,40.0,OPTIMAL,FEASIBLE_POINT,3.690641280344733e8,2.1476314779971611e8,1.5430098023475635e8,5.39157694952563e6,1.0920633352186453e8,3.682981604286766e7,0.0,2.873253720498771e6,0.0,7.571096844236515e6,0.0,0.0,0,0.0,440926.8370466373,133723.9070531173,574650.7440997546,9.718184408540111,0.0,0,0.0,221.73513979395582,0.0,659.52,157.5,1482.5,370.625,0.0,2569.3291012417285,765.4868085447947,370.625,463.7993032317975,1909.8091012417283,607.9868085447947,463.7993032317975,-0.0,-0.0,258.5454551254671,1034.1818205018683,576.4857553154247,4611.886042523398,835.0312104408918,5646.067863025266,3.6365727533329586e6,1.7019257076262424e6,44360.99033723714,2.3338207123279776e6,2.9470307568421355e6,2.8014474374541743e6,0.2,0.1,300.0,300.0,5.0,1.0e6
108,base_oil0.25_voll10000_co250,0.25,10000.0,50.0,OPTIMAL,FEASIBLE_POINT,3.7810451720864654e8,2.203755677977382e8,1.577289494109362e8,4.9677087785260845e6,1.0531167672090927e8,4.4327933482743725e7,0.0,3.12163042875389e6,0.0,7.571096844236515e6,0.0,0.0,0,0.0,482425.5333619077,141900.5523888713,624326.085750779,10.294140173736988,0.0,0,0.0,250.78324868951537,0.0,659.52,157.5,1482.5,370.625,0.0,2647.224364809383,777.2050350656672,370.625,450.7551816923421,1987.7043648093832,619.7050350656672,450.7551816923421,-0.0,-0.0,271.8814915093161,1087.5259660372644,604.6677562670678,4837.342050136543,876.5492477763839,5924.868016173807,3.718693061346913e6,1.7218495569791615e6,40873.47415894584,2.2505889947497267e6,3.2572518825563937e6,3.096343639558182e6,0.2,0.1,300.0,300.0,5.0,1.0e6
109,base_oil0.30_voll2000_co20,0.3,2000.0,0.0,OPTIMAL,FEASIBLE_POINT,3.283127484538522e8,1.7951721116531926e8,1.487955372885303e8,1.0275020273059646e7,1.3653785269240406e8,0.0,0.0,1.9826643230662665e6,0.0,7.571096844236515e6,0.0,0.0,0,0.0,271510.80217709113,125022.06243616207,396532.8646132532,7.869136509081269,0.0,0,0.0,84.60897243356095,0.0,659.52,157.5,1482.5,444.75,0.0,2009.8547036475873,771.2503185010535,444.75,540.680253467928,1350.3347036475873,613.7503185010535,540.680253467928,-0.0,-0.0,201.338841570135,805.35536628054,345.2778392863748,2762.2227142909983,546.6166808565098,3567.5780805715385,2.91810851396459e6,1.7244485413344814e6,84541.14247376521,2.917915640547951e6,1.4962954268050534e6,1.4223784327208481e6,0.2,0.1,300.0,300.0,5.0,1.0e6
110,base_oil0.30_voll2000_co210,0.3,2000.0,10.0,OPTIMAL,FEASIBLE_POINT,3.394915677888037e8,1.9131945512332118e8,1.4817211266547537e8,8.177734339272868e6,1.269807941473038e8,1.081731638435053e7,0.0,2.1962677945456677e6,0.0,7.571096844236515e6,0.0,0.0,0,0.0,315266.74672973336,123986.81217940005,439253.5589091334,8.2525682270018,0.0,0,0.0,162.58665401935522,0.0,659.52,157.5,1482.5,444.75,0.0,2199.1427307614067,764.219715239955,444.75,516.3444458176074,1539.6227307614067,606.719715239955,516.3444458176074,-0.0,-0.0,229.18963946488566,916.7585578595426,420.0850301875327,3360.6802415002617,649.2746696524184,4277.438799359805,3.174750775561306e6,1.7086242924814606e6,67285.02577282037,2.713674178883702e6,1.8873973373024247e6,1.7941599088397147e6,0.2,0.1,300.0,300.0,5.0,1.0e6
111,base_oil0.30_voll2000_co220,0.3,2000.0,20.0,OPTIMAL,FEASIBLE_POINT,3.4993814106397337e8,2.0093809635886863e8,1.4900004470513478e8,6.708736703708345e6,1.1961081131370386e8,2.0263032725805726e7,0.0,2.4174639619049826e6,0.0,7.571096844236515e6,0.0,0.0,0,0.0,359487.4889092858,124005.30347171037,483492.79238099616,8.701007502620625,0.0,0,0.0,224.1301142448044,0.0,659.52,157.5,1482.5,444.75,0.0,2358.858595200936,756.1500498289614,444.75,496.3048782106945,1699.3385952009362,598.6500498289614,496.3048782106945,-0.0,-0.0,249.27831229547596,997.1132491819038,481.9747987944434,3855.7983903555473,731.2531110899193,4852.911639537451,3.3839975130886515e6,1.6892546144189422e6,55198.359751585915,2.5561721546710622e6,2.2980930707256203e6,2.184567273031792e6,0.2,0.1,300.0,300.0,5.0,1.0e6
112,base_oil0.30_voll2000_co230,0.3,2000.0,30.0,OPTIMAL,FEASIBLE_POINT,3.597082876326922e8,2.103744905463723e8,1.4933379708634794e8,5.417703605729866e6,1.1274352333355725e8,2.849108010280407e7,0.0,2.6814900442659217e6,0.0,7.571096844236515e6,0.0,0.0,0,0.0,409345.286791603,126952.72206158149,536298.0088531845,9.267289063795397,0.0,0,0.0,279.3574297391175,0.0,659.52,157.5,1482.5,444.75,0.0,2506.131944023643,754.7045416457537,444.75,477.8584582733516,1846.611944023643,597.2045416457537,477.8584582733516,-0.0,-0.0,258.24594177732104,1032.9837671092841,546.7517346452315,4374.013877161852,804.9976764225526,5406.997644271136,3.5678610470544724e6,1.6828408440776062e6,44575.95607996337,2.4094130940128295e6,2.704333947132161e6,2.570739850143843e6,0.2,0.1,300.0,300.0,5.0,1.0e6
113,base_oil0.30_voll2000_co240,0.3,2000.0,40.0,OPTIMAL,FEASIBLE_POINT,3.690641280344732e8,2.1476314779971611e8,1.5430098023475635e8,5.391576949525626e6,1.0920633352186453e8,3.68298160428676e7,0.0,2.873253720498771e6,0.0,7.571096844236515e6,0.0,0.0,0,0.0,440926.8370466373,133723.9070531173,574650.7440997546,9.718184408540111,0.0,0,0.0,295.8601397939558,0.0,659.52,157.5,1482.5,444.75,0.0,2569.3291012417285,765.4868085447947,444.75,463.7993032317975,1909.8091012417283,607.9868085447947,463.7993032317975,-0.0,-0.0,258.5454551254671,1034.1818205018683,576.4857553154247,4611.886042523398,835.0312104408918,5646.067863025266,3.6365727533329586e6,1.7019257076262424e6,44360.99033723714,2.3338207123279776e6,2.9470307568421355e6,2.801447437454175e6,0.2,0.1,300.0,300.0,5.0,1.0e6
114,base_oil0.30_voll2000_co250,0.3,2000.0,50.0,OPTIMAL,FEASIBLE_POINT,3.781045172086464e8,2.2037556779773813e8,1.5772894941093618e8,4.967708778526065e6,1.0531167672090927e8,4.432793348274373e7,0.0,3.1216304287538882e6,0.0,7.571096844236515e6,0.0,0.0,0,0.0,482425.53336190723,141900.55238887135,624326.0857507786,10.29414017373698,0.0,0,0.0,324.9082486895152,0.0,659.52,157.5,1482.5,444.75,0.0,2647.2243648093818,777.2050350656675,444.75,450.7551816923424,1987.704364809382,619.7050350656675,450.7551816923424,-0.0,-0.0,271.8814915093154,1087.5259660372617,604.6677562670681,4837.3420501365445,876.5492477763835,5924.868016173807,3.7186930613469128e6,1.7218495569791629e6,40873.47415894565,2.2505889947497267e6,3.2572518825563923e6,3.0963436395581802e6,0.2,0.1,300.0,300.0,5.0,1.0e6
115,base_oil0.30_voll6500_co20,0.3,6500.0,0.0,OPTIMAL,FEASIBLE_POINT,3.283127484538522e8,1.7951721116531926e8,1.487955372885303e8,1.0275020273059648e7,1.3653785269240406e8,0.0,0.0,1.9826643230662665e6,0.0,7.571096844236515e6,0.0,0.0,0,0.0,271510.802177091,125022.06243616204,396532.86461325304,7.869136509081264,0.0,0,0.0,84.60897243356072,0.0,659.52,157.5,1482.5,444.75,0.0,2009.854703647587,771.2503185010535,444.75,540.680253467928,1350.334703647587,613.7503185010535,540.680253467928,-0.0,-0.0,201.3388415701346,805.3553662805384,345.277839286375,2762.222714291,546.6166808565097,3567.5780805715385,2.91810851396459e6,1.7244485413344814e6,84541.14247376524,2.917915640547951e6,1.4962954268050527e6,1.422378432720848e6,0.2,0.1,300.0,300.0,5.0,1.0e6
116,base_oil0.30_voll6500_co210,0.3,6500.0,10.0,OPTIMAL,FEASIBLE_POINT,3.394915677888038e8,1.9131945512332115e8,1.4817211266547537e8,8.177734339272886e6,1.2698079414730383e8,1.081731638435053e7,0.0,2.1962677945456654e6,0.0,7.571096844236515e6,0.0,0.0,0,0.0,315266.74672973296,123986.81217940006,439253.558909133,8.252568227001793,0.0,0,0.0,162.5866540193551,0.0,659.52,157.5,1482.5,444.75,0.0,2199.142730761406,764.2197152399551,444.75,516.3444458176074,1539.6227307614058,606.7197152399551,516.3444458176074,-0.0,-0.0,229.1896394648863,916.7585578595452,420.0850301875321,3360.6802415002567,649.2746696524184,4277.438799359802,3.1747507755613048e6,1.7086242924814608e6,67285.02577282055,2.7136741788837025e6,1.8873973373024245e6,1.7941599088397135e6,0.2,0.1,300.0,300.0,5.0,1.0e6
117,base_oil0.30_voll6500_co220,0.3,6500.0,20.0,OPTIMAL,FEASIBLE_POINT,3.499381410639733e8,2.009380963588689e8,1.4900004470513445e8,6.708736703708277e6,1.1961081131370373e8,2.0263032725805692e7,0.0,2.4174639619050114e6,0.0,7.571096844236515e6,0.0,0.0,0,0.0,359487.4889092916,124005.3034717114,483492.79238100303,8.701007502620733,0.0,0,0.0,224.1301142448008,0.0,659.52,157.5,1482.5,444.75,0.0,2358.8585952009435,756.1500498289614,444.75,496.3048782106941,1699.3385952009435,598.6500498289614,496.3048782106941,-0.0,-0.0,249.27831229546732,997.1132491818693,481.9747987944489,3855.798390355591,731.2531110899162,4852.91163953746,3.3839975130886557e6,1.689254614418941e6,55198.359751585376,2.556172154671058e6,2.298093070725622e6,2.1845672730317926e6,0.2,0.1,300.0,300.0,5.0,1.0e6
118,base_oil0.30_voll6500_co230,0.3,6500.0,30.0,OPTIMAL,FEASIBLE_POINT,3.597082876326923e8,2.1037449054637232e8,1.4933379708634794e8,5.4177036057298705e6,1.1274352333355726e8,2.8491080102804072e7,0.0,2.681490044265921e6,0.0,7.571096844236515e6,0.0,0.0,0,0.0,409345.2867916029,126952.72206158146,536298.0088531844,9.267289063795396,0.0,0,0.0,279.3574297391176,0.0,659.52,157.5,1482.5,444.75,0.0,2506.131944023643,754.7045416457537,444.75,477.8584582733515,1846.611944023643,597.2045416457537,477.8584582733515,-0.0,-0.0,258.2459417773215,1032.983767109286,546.7517346452312,4374.013877161849,804.9976764225527,5406.997644271136,3.5678610470544724e6,1.6828408440776062e6,44575.956079963406,2.40941309401283e6,2.7043339471321614e6,2.5707398501438443e6,0.2,0.1,300.0,300.0,5.0,1.0e6
119,base_oil0.30_voll6500_co240,0.3,6500.0,40.0,OPTIMAL,FEASIBLE_POINT,3.690641280344733e8,2.1476314779971606e8,1.5430098023475647e8,5.391576949525651e6,1.0920633352186456e8,3.682981604286761e7,0.0,2.8732537204987714e6,0.0,7.571096844236515e6,0.0,0.0,0,0.0,440926.83704663755,133723.90705311717,574650.7440997547,9.718184408540116,0.0,0,0.0,295.8601397939551,0.0,659.52,157.5,1482.5,444.75,0.0,2569.3291012417285,765.4868085447945,444.75,463.7993032317973,1909.8091012417287,607.9868085447945,463.7993032317973,-0.0,-0.0,258.54545512546645,1034.1818205018658,576.485755315425,4611.8860425234,835.0312104408914,5646.067863025266,3.6365727533329586e6,1.7019257076262422e6,44360.990337237316,2.333820712327978e6,2.947030756842133e6,2.8014474374541733e6,0.2,0.1,300.0,300.0,5.0,1.0e6
120,base_oil0.30_voll6500_co250,0.3,6500.0,50.0,OPTIMAL,FEASIBLE_POINT,3.781045172086464e8,2.203755677977382e8,1.5772894941093618e8,4.96770877852605e6,1.0531167672090925e8,4.4327933482743725e7,0.0,3.1216304287538882e6,0.0,7.571096844236515e6,0.0,0.0,0,0.0,482487.7097647124,141838.3759860661,624326.0857507784,10.294140173736979,0.0,0,0.0,324.9082486895154,0.0,659.52,157.5,1482.5,444.75,0.0,2647.2243648093818,777.2050350656675,444.75,450.7551816923425,1987.704364809382,619.7050350656675,450.7551816923425,-0.0,-0.0,271.8814915093152,1087.5259660372608,604.6677562670684,4837.342050136547,876.5492477763836,5924.868016173808,3.718630884944108e6,1.7219117333819685e6,40873.474158945544,2.2505889947497267e6,3.2572518825563933e6,3.0963436395581802e6,0.2,0.1,300.0,300.0,5.0,1.0e6
121,base_oil0.30_voll10000_co20,0.3,10000.0,0.0,OPTIMAL,FEASIBLE_POINT,3.283127484538521e8,1.795172111653193e8,1.4879553728853026e8,1.0275020273059623e7,1.3653785269240406e8,0.0,0.0,1.982664323066265e6,0.0,7.571096844236515e6,0.0,0.0,0,0.0,271510.8021770908,125022.06243616201,396532.8646132528,7.86913650908126,0.0,0,0.0,84.60897243356109,0.0,659.52,157.5,1482.5,444.75,0.0,2009.8547036475873,771.2503185010535,444.75,540.6802534679281,1350.3347036475873,613.7503185010535,540.6802534679281,-0.0,-0.0,201.33884157013443,805.3553662805377,345.2778392863754,2762.2227142910033,546.6166808565099,3567.5780805715412,2.9181085139645906e6,1.7244485413344814e6,84541.142473765,2.917915640547951e6,1.4962954268050534e6,1.4223784327208474e6,0.2,0.1,300.0,300.0,5.0,1.0e6
122,base_oil0.30_voll10000_co210,0.3,10000.0,10.0,OPTIMAL,FEASIBLE_POINT,3.394915677888038e8,1.913194551233213e8,1.4817211266547534e8,8.177734339272849e6,1.2698079414730379e8,1.0817316384350527e7,0.0,2.19626779454567e6,0.0,7.571096844236515e6,0.0,0.0,0,0.0,315205.6091525145,124047.94975661926,439253.5589091338,8.252568227001804,0.0,0,0.0,162.5866540193559,0.0,659.52,157.5,1482.5,444.75,0.0,2199.142730761408,764.219715239955,444.75,516.3444458176073,1539.622730761408,606.719715239955,516.3444458176073,-0.0,-0.0,229.18963946488591,916.7585578595437,420.08503018753316,3360.6802415002653,649.2746696524191,4277.438799359809,3.174811913138525e6,1.7085631549042414e6,67285.02577282018,2.7136741788837016e6,1.8873973373024282e6,1.794159908839718e6,0.2,0.1,300.0,300.0,5.0,1.0e6
123,base_oil0.30_voll10000_co220,0.3,10000.0,20.0,OPTIMAL,FEASIBLE_POINT,3.4993814106397325e8,2.0093809635886848e8,1.4900004470513484e8,6.708736703708361e6,1.1961081131370392e8,2.026303272580574e7,0.0,2.4174639619049667e6,0.0,7.571096844236515e6,0.0,0.0,0,0.0,359487.4889092833,124005.3034717099,483492.7923809932,8.701007502620582,0.0,0,0.0,224.13011424480587,0.0,659.52,157.5,1482.5,444.75,0.0,2358.8585952009335,756.1500498289613,444.75,496.3048782106946,1699.3385952009332,598.6500498289613,496.3048782106946,-0.0,-0.0,249.2783122954779,997.1132491819116,481.9747987944426,3855.798390355541,731.2531110899205,4852.911639537452,3.383997513088647e6,1.6892546144189425e6,55198.359751586075,2.556172154671063e6,2.29809307072562e6,2.1845672730317917e6,0.2,0.1,300.0,300.0,5.0,1.0e6
124,base_oil0.30_voll10000_co230,0.3,10000.0,30.0,OPTIMAL,FEASIBLE_POINT,3.597082876326923e8,2.1037449054637232e8,1.4933379708634794e8,5.417703605729868e6,1.1274352333355726e8,2.8491080102804072e7,0.0,2.681490044265921e6,0.0,7.571096844236515e6,0.0,0.0,0,0.0,409345.2867916029,126952.72206158146,536298.0088531844,9.267289063795396,0.0,0,0.0,279.3574297391176,0.0,659.52,157.5,1482.5,444.75,0.0,2506.131944023643,754.7045416457537,444.75,477.8584582733516,1846.611944023643,597.2045416457537,477.8584582733516,-0.0,-0.0,258.2459417773215,1032.983767109286,546.7517346452312,4374.013877161849,804.9976764225527,5406.997644271136,3.5678610470544724e6,1.6828408440776065e6,44575.95607996339,2.4094130940128295e6,2.704333947132162e6,2.5707398501438443e6,0.2,0.1,300.0,300.0,5.0,1.0e6
125,base_oil0.30_voll10000_co240,0.3,10000.0,40.0,OPTIMAL,FEASIBLE_POINT,3.690641280344732e8,2.1476314779971614e8,1.5430098023475623e8,5.391576949525564e6,1.0920633352186452e8,3.682981604286758e7,0.0,2.8732537204987668e6,0.0,7.571096844236515e6,0.0,0.0,0,0.0,440926.83704663627,133723.90705311712,574650.7440997534,9.718184408540099,0.0,0,0.0,295.86013979395693,0.0,659.52,157.5,1482.5,444.75,0.0,2569.3291012417276,765.4868085447948,444.75,463.7993032317982,1909.8091012417274,607.9868085447948,463.7993032317982,-0.0,-0.0,258.54545512546787,1034.1818205018715,576.4857553154243,4611.886042523394,835.0312104408922,5646.067863025266,3.636572753332959e6,1.701925707626243e6,44360.9903372366,2.3338207123279762e6,2.9470307568421336e6,2.8014474374541733e6,0.2,0.1,300.0,300.0,5.0,1.0e6
126,base_oil0.30_voll10000_co250,0.3,10000.0,50.0,OPTIMAL,FEASIBLE_POINT,3.7810451720864636e8,2.2037556779773813e8,1.577289494109362e8,4.967708778526063e6,1.0531167672090927e8,4.432793348274373e7,0.0,3.121630428753888e6,0.0,7.571096844236515e6,0.0,0.0,0,0.0,482487.7097647123,141838.375986066,624326.0857507783,10.294140173736977,0.0,0,0.0,324.9082486895152,0.0,659.52,157.5,1482.5,444.75,0.0,2647.2243648093818,777.2050350656674,444.75,450.75518169234243,1987.704364809382,619.7050350656674,450.75518169234243,-0.0,-0.0,271.8814915093154,1087.5259660372617,604.6677562670681,4837.3420501365445,876.5492477763835,5924.868016173807,3.718630884944108e6,1.7219117333819682e6,40873.47415894564,2.2505889947497267e6,3.2572518825563923e6,3.0963436395581802e6,0.2,0.1,300.0,300.0,5.0,1.0e6
